,BuyerId,SellerId,Weights
0,jp2b4.wam,fzfqu.wam,51
1,5e1rs.wam,vb2r.wam,43
2,5e1rs.wam,dj4b2.wam,40
3,jp2b4.wam,u1ibq.wam,40
4,j2qau.wam,5e1rs.wam,37
5,lhhqu.wam,susay.wam,32
6,5e1rs.wam,5fvbg.wam,31
7,lynqk.wam,5qxre.wam,30
8,g1sbo.wam,u3dr2.wam,30
9,v1yqu.wam,bmwr.wam,26
10,u1ibq.wam,lynqk.wam,25
11,jp2b4.wam,k1ara.wam,25
12,ls3bm.wam,izlbg.wam,24
13,xvjb.wam,wyiqy.wam,23
14,hhyb4.wam,jftr2.wam,22
15,lhhqu.wam,zzbr4.wam,22
16,jp2b4.wam,jgjbk.wam,21
17,a2brg.wam,jp2b4.wam,21
18,lhhqu.wam,vrub.wam,20
19,j2qau.wam,.xdri.wam,19
20,bmwr.wam,gufaw.wam,19
21,j2qau.wam,.rjb.wam,19
22,izlbg.wam,a2brg.wam,19
23,a2brg.wam,i.lr2.wam,19
24,lhhqu.wam,j2qau.wam,19
25,cotri.wam,wkkrm.wam,18
26,5qxre.wam,1o5qw.wam,18
27,zzbr4.wam,mv1ri.wam,18
28,dvhbk.wam,xvjb.wam,18
29,lhhqu.wam,.eer.wam,18
30,j2qau.wam,pufb.wam,17
31,.eer.wam,jloro.wam,17
32,lhhqu.wam,333b4.wam,17
33,fzfqu.wam,.v.qy.wam,17
34,izlbg.wam,oh5b.wam,17
35,lhhqu.wam,3jrrk.wam,17
36,gjcbq.wam,akprs.wam,17
37,oh5b.wam,zvob.wam,17
38,rprqy.wam,xl3b4.wam,16
39,abfqu.wam,lhhqu.wam,16
40,lynqk.wam,bo.r2.wam,16
41,jp2b4.wam,cuer.wam,16
42,mcdb2.wam,i3gbm.wam,16
43,oh5b.wam,abfqu.wam,16
44,1qeb.wam,udzbc.wam,16
45,wyiqy.wam,531be.wam,15
46,333b4.wam,tgrqy.wam,15
47,f1nre.wam,sjiau.waa,15
48,xdtbg.wam,ls3bm.wam,15
49,lhhqu.wam,rxoqy.wam,14
50,4bdau.wam,c2dbc.wam,14
51,jp2b4.wam,p2lb.wam,14
52,jp2b4.wam,cotri.wam,14
53,jp2b4.wam,5ywbe.wam,14
54,jp2b4.wam,fxpre.wam,14
55,lhhqu.wam,bk1r4.wam,14
56,r3yra.wam,5xwbe.wam,13
57,5e1rs.wam,lqjbi.wam,13
58,.xdri.wam,kstra.wam,13
59,2d.b2.wam,v1yqu.wam,13
60,j2qau.wam,yypb.wam,13
61,bzkao.wam,d1mau.wam,13
62,lqjbi.wam,zf5rg.wam,13
63,hrequ.wam,5zcqw.wam,13
64,j2qau.wam,j3gr.wam,13
65,rnsa.wam,4wqr.wam,13
66,j2qau.wam,2exrk.wam,13
67,i.lr2.wam,nleri.wam,13
68,a2brg.wam,2d.b2.wam,13
69,1wur.wam,kwgr2.wam,13
70,j2qau.wam,kudau.wam,13
71,xvjb.wam,pmmqy.wam,13
72,bwrau.wam,kx.rg.wam,13
73,oh5b.wam,xwurq.wam,12
74,vz5be.wam,hpub2.wam,12
75,r3yra.wam,5t4r.wam,12
76,nleri.wam,11pre.wam,12
77,bk1r4.wam,ovlaw.wam,12
78,cotri.wam,tzwba.wam,12
79,j2qau.wam,2dlrs.wam,12
80,j2qau.wam,rprqy.wam,12
81,i.lr2.wam,hh4r.wam,12
82,izlbg.wam,gjcbq.wam,12
83,kwgr2.wam,xdtbg.wam,12
84,lh3b.wam,tziqw.wam,12
85,izlbg.wam,aa1be.wam,12
86,izlbg.wam,2a2be.wam,12
87,sjiau.waa,uzuqu.wam,12
88,jp2b4.wam,cb3r2.wam,12
89,fzfqu.wam,4ojbi.wam,12
90,lynqk.wam,rqxr4.wam,12
91,j2qau.wam,m1iri.wam,11
92,xvjb.wam,awjqq.wam,11
93,tz5qs.wam,hhyb4.wam,11
94,rprqy.wam,tnequ.wam,11
95,v1yqu.wam,.rtre.wam,11
96,2d.b2.wam,e23b2.wam,11
97,5e1rs.wam,e5lbi.wam,11
98,izlbg.wam,kznau.wam,11
99,susay.wam,jhx.u.wam,11
100,oh5b.wam,ubyre.wam,11
101,lhhqu.wam,k2xrq.wam,11
102,jp2b4.wam,a2oqw.wam,11
103,5qxre.wam,.3fau.wam,11
104,kwgr2.wam,35qqy.wam,11
105,i.lr2.wam,.pibo.wam,11
106,zvob.wam,wvobe.wam,11
107,lhhqu.wam,njdau.wam,11
108,zvob.wam,r4grk.wam,11
109,lhhqu.wam,rnbb.wam,10
110,humqk.wam,j1caw.wam,10
111,xisk2.wam,kd4b.wam,10
112,r2.pk.wam,mcdb2.wam,10
113,d1mau.wam,wizardx,10
114,susay.wam,ocprg.wam,10
115,wyiqy.wam,ry4qy.wam,10
116,wyiqy.wam,wpvra.wam,10
117,jp2b4.wam,5tsbe.wam,10
118,35qqy.wam,tz5qs.wam,10
119,jp2b4.wam,d.vrg.wam,10
120,v1yqu.wam,vz5be.wam,10
121,yypb.wam,ujbb.wam,10
122,333b4.wam,qdore.wam,10
123,j2qau.wam,pp1b.wam,10
124,gjcbq.wam,vztbe.wam,9
125,hhyb4.wam,mo.r4.wam,9
126,mo.r4.wam,bzkao.wam,9
127,ipw3y.wam,.upro.wam,9
128,5p53o.wam,3daaw.wam,9
129,iihr.wam,2xkrg.wam,9
130,fuwb4.wam,.trre.wam,9
131,lihrg.wam,edrre.wam,9
132,unsmashedmkt,tbqqw.wam,9
133,.ngaw.wam,kb4be.wam,9
134,nhrr2.wam,dtrr2.wam,9
135,dvhbk.wam,x4qaw.wam,9
136,pzabk.wam,j3ebo.wam,9
137,v1yqu.wam,ug1qm.waa,9
138,xvjb.wam,1wur.wam,9
139,v1yqu.wam,.v2ak.wam,9
140,j2qau.wam,d44r2.wam,9
141,v1yqu.wam,ixybw.wam,9
142,susay.wam,g1sbo.wam,9
143,xdtbg.wam,unbaw.wam,9
144,ls3bm.wam,r3yra.wam,9
145,izlbg.wam,vv4be.wam,9
146,jp2b4.wam,weebg.wam,9
147,jp2b4.wam,txwrm.wam,9
148,jp2b4.wam,3toqy.wam,9
149,i.lr2.wam,absqy.wam,9
150,lhhqu.wam,15hbo.wam,9
151,yypb.wam,jgpbq.wam,9
152,susay.wam,v2ybe.wam,9
153,j2qau.wam,ousbo.wam,9
154,j2qau.wam,wpqqy.wam,9
155,5e1rs.wam,intqi.wam,9
156,vb2r.wam,2gbaq.wam,9
157,5fvbg.wam,.kjqy.wam,9
158,rxoqy.wam,mclbs.wam,9
159,wyiqy.wam,hrequ.wam,9
160,jhx.u.wam,hhobi.wam,8
161,g2jaw.wam,nssrs.wam,8
162,mclbs.wam,ohgra.wam,8
163,intqi.wam,hluaw.wam,8
164,aptbq.wam,xoxay.wam,8
165,e5lbi.wam,cadr.wam,8
166,e23b2.wam,f1tra.wam,8
167,hdmba.wam,bwrau.wam,8
168,1vobc.wam,cpsbe.wam,8
169,dljri.wam,cvtau.wam,8
170,cuybe.wam,wzp.c.wam,8
171,33jau.wam,4d45y.wam,8
172,dture.wam,nneau.wam,8
173,kxrqy.wam,twmbc.wam,8
174,gjcbq.wam,uhmro.wam,8
175,m34ro.wam,fjqau.wam,8
176,az1ay.wam,3nvb2.wam,8
177,k2xrq.wam,om1qy.wam,8
178,jp2b4.wam,lybre.wam,8
179,gjcbq.wam,bnwb.wam,8
180,fzfqu.wam,g2jaw.wam,8
181,3jrrk.wam,5ixro.wam,8
182,gjcbq.wam,iflrk.wam,8
183,j2qau.wam,41lqy.wam,8
184,j2qau.wam,pvdau.wam,8
185,j2qau.wam,5c1be.wam,8
186,susay.wam,nhrr2.wam,8
187,lhhqu.wam,31ar4.wam,8
188,jp2b4.wam,crfbe.wam,8
189,cotri.wam,o3.qy.wam,8
190,jp2b4.wam,2aerg.wam,8
191,a2brg.wam,fuwb4.wam,8
192,xdtbg.wam,2g2ro.wam,8
193,kwgr2.wam,eneb.wam,8
194,wyiqy.wam,fgybq.wam,8
195,wyiqy.wam,bbiqu.wam,8
196,xvjb.wam,amuba.wam,8
197,p2lb.wam,tylerglasnow,8
198,5e1rs.wam,lh3b.wam,8
199,2d.b2.wam,ui4bq.wam,8
200,bmwr.wam,fevly.wam,8
201,fxpre.wam,mpmre.wam,8
202,rxoqy.wam,3jpqw.wam,8
203,cotri.wam,v4obq.wam,8
204,v1yqu.wam,noeay.wam,8
205,wkkrm.wam,escbg.wam,8
206,gjcbq.wam,fhfri.wam,8
207,jp2b4.wam,gxkbq.wam,7
208,hieb.wam,xf5bg.wam,7
209,1vobc.wam,xikai.wam,7
210,x1cbs.wam,w3aqy.wam,7
211,ls3bm.wam,bdsb2.wam,7
212,jp2b4.wam,jbmbe.wam,7
213,fdnqy.wam,iyzrg.wam,7
214,h.xqw.wam,1vtb2.wam,7
215,jp2b4.wam,5rmbe.wam,7
216,izlbg.wam,r4mrg.wam,7
217,izlbg.wam,pcibs.wam,7
218,ls3bm.wam,i2xqy.wam,7
219,lynqk.wam,5a3aw.wam,7
220,fzfqu.wam,rorro.wam,7
221,pmmqy.wam,spwr2.wam,7
222,br3bo.wam,vx3qw.wam,7
223,hjlqw.wam,4xulk.wam,7
224,awjqq.wam,eatb.wam,7
225,uhmro.wam,4r1bm.wam,7
226,5ri4a.wam,xhgaw.wam,7
227,franklin.gm,gl2qy.wam,7
228,ic1rk.wam,gtwr4.wam,7
229,bqcb2.wam,zkfr2.wam,7
230,krgbo.wam,pglr2.wam,7
231,sl.bc.wam,mpnay.wam,7
232,mpnay.wam,cbk5a.wam,7
233,mpnay.wam,mwkrc.wam,7
234,cbk5a.wam,cccba.wam,7
235,az1ay.wam,e1tbe.wam,7
236,om1qy.wam,3u1re.wam,7
237,kb4be.wam,tztb2.wam,7
238,crfbe.wam,cifrk.wam,7
239,zf5rg.wam,qyyb4.wam,7
240,nleri.wam,s4wrg.wam,7
241,2d.b2.wam,cykrg.wam,7
242,rxoqy.wam,dagay.wam,7
243,jloro.wam,ihep4.wam,7
244,333b4.wam,x1cbs.wam,7
245,mv1ri.wam,34aaw.wam,7
246,jp2b4.wam,f1nre.wam,7
247,j2qau.wam,eczb4.wam,7
248,vrub.wam,fdnqy.wam,7
249,zzbr4.wam,aptbq.wam,7
250,lhhqu.wam,jkurq.wam,7
251,lhhqu.wam,rfiau.wam,7
252,zvob.wam,h3sbe.wam,7
253,zvob.wam,gpfqw.wam,7
254,zvob.wam,o5ibo.wam,7
255,.v.qy.wam,g3plc.wam,7
256,oh5b.wam,ttrqw.wam,7
257,yypb.wam,duwr4.wam,7
258,5e1rs.wam,bdaaw.wam,7
259,xl3b4.wam,k3tro.wam,7
260,njdau.wam,aez4.wam,7
261,g1sbo.wam,e.srm.wam,7
262,bzkao.wam,qqhb.wam,7
263,bbiqu.wam,todaybutnota,7
264,fuwb4.wam,teobe.wam,7
265,3toqy.wam,hieb.wam,7
266,r3yra.wam,goub.wam,7
267,tnequ.wam,xbequ.wam,7
268,jhx.u.wam,mvdau.wam,7
269,tnequ.wam,o135.wam,7
270,.trre.wam,rnsa.wam,7
271,35qqy.wam,1vobc.wam,7
272,njdau.wam,vzfbe.wam,7
273,mclbs.wam,f1rb4.wam,6
274,3jpqw.wam,kxrqy.wam,6
275,r3yra.wam,gymqy.wam,6
276,xisk2.wam,1qyrc.wam,6
277,aptbq.wam,2sraw.wam,6
278,uhmro.wam,2hnre.wam,6
279,mpmre.wam,hrxb.wam,6
280,d1mau.wam,vpir2.wam,6
281,intqi.wam,m34ro.wam,6
282,tylerglasnow,tpqre.wam,6
283,nhrr2.wam,2ijr4.wam,6
284,fwkr2.wam,rmdb.wam,6
285,duwr4.wam,zayr4.wam,6
286,g2jaw.wam,krqri.wam,6
287,jzmqw.wam,g1tbo.wam,6
288,14vb2.wam,qrgbg.wam,6
289,o135.wam,cqcau.wam,6
290,o135.wam,wax111222555,6
291,edcba.wam,xf1r.wam,6
292,3cjr4.wam,y1yaw.wam,6
293,w125m.wam,zdrb2.wam,6
294,hrequ.wam,.4er2.wam,6
295,.ngaw.wam,334rg.wam,6
296,vdnre.wam,44yra.wam,6
297,svjrc.wam,asjbc.wam,6
298,shootthemoon,mfwl4.wam,6
299,udzbc.wam,5dj5g.wam,6
300,33jau.wam,e4ya2.wam,6
301,krdau.wam,ny.re.wam,6
302,kxrqy.wam,ap5qu.wam,6
303,mpnay.wam,diqam.waa,6
304,vshrg.wam,y4ym2.wam,6
305,vshrg.wam,35xb.wam,6
306,wkjbg.wam,b4nrg.wam,6
307,hsuro.wam,yzl.m.wam,6
308,r3yra.wam,kieb.wam,6
309,yypb.wam,hsac.wam,6
310,pp1b.wam,x.cqw.wam,6
311,5e1rs.wam,pddra.wam,6
312,lynqk.wam,wbiau.wam,6
313,lynqk.wam,wq2bg.wam,6
314,lynqk.wam,hpirs.wam,6
315,i.lr2.wam,2kibs.wam,6
316,i.lr2.wam,5cibs.wam,6
317,.v.qy.wam,c1uoo.wam,6
318,zvob.wam,matra.wam,6
319,tnequ.wam,pbpay.wam,6
320,lhhqu.wam,xdobe.wam,6
321,lhhqu.wam,p1cqw.wam,6
322,lhhqu.wam,tcgb.wam,6
323,susay.wam,krgbo.wam,6
324,susay.wam,rs.aw.wam,6
325,zzbr4.wam,kxsbq.wam,6
326,j2qau.wam,fntri.wam,6
327,lynqk.wam,.wkri.wam,6
328,u1ibq.wam,e43am.waa,6
329,jp2b4.wam,fgxrq.wam,6
330,izlbg.wam,uhwrg.wam,6
331,wyiqy.wam,vmkbc.wam,6
332,wyiqy.wam,hsuro.wam,6
333,pmmqy.wam,54e2u.wam,6
334,1wur.wam,14vb2.wam,6
335,xdtbg.wam,rzyrm.wam,6
336,izlbg.wam,tkwbq.wam,6
337,izlbg.wam,pzxay.wam,6
338,jp2b4.wam,tnsr2.wam,6
339,a2brg.wam,iepr2.wam,6
340,a2brg.wam,t3maw.wam,6
341,a2brg.wam,qntqu.wam,6
342,jp2b4.wam,trhbo.wam,6
343,jp2b4.wam,3lubo.wam,6
344,jp2b4.wam,d3pr4.wam,6
345,j2qau.wam,l.5b2.wam,6
346,lhhqu.wam,vshrg.wam,6
347,mv1ri.wam,hxnri.wam,6
348,.xdri.wam,kqeoa.wam,6
349,bk1r4.wam,dagr.wam,6
350,yypb.wam,v.25g.wam,6
351,yypb.wam,dvbbe.wam,6
352,bk1r4.wam,sl.bc.wam,6
353,cotri.wam,zv3b.wam,6
354,jloro.wam,xyaqy.wam,6
355,jloro.wam,uqwb4.wam,6
356,2a2be.wam,f1s3w.waa,6
357,gjcbq.wam,3k3am.waa,6
358,333b4.wam,5tgbs.wam,6
359,.xdri.wam,bzzre.wam,6
360,xl3b4.wam,xu3do3utp.gm,6
361,vb2r.wam,txnbm.wam,6
362,11pre.wam,xvb1e.wam,6
363,njdau.wam,unbro.wam,6
364,m1iri.wam,4mrbo.wam,6
365,e23b2.wam,h3zrk.wam,6
366,.rtre.wam,az1ay.wam,6
367,izlbg.wam,it.rg.wam,5
368,ls3bm.wam,p.aag.wam,5
369,fvmbo.wam,53hqw.wam,5
370,vdnre.wam,dz4b2.wam,5
371,vdnre.wam,1yym2.wam,5
372,xdtbg.wam,i5ar4.wam,5
373,41lbq.wam,h1sau.wam,5
374,ul1ra.wam,pzlqu.wam,5
375,izlbg.wam,hqtbo.wam,5
376,21ubc.wam,.pv3q.wam,5
377,izlbg.wam,vb2bq.wam,5
378,2otra.wam,jfhbe.wam,5
379,hqtbo.wam,1.mbg.wam,5
380,chqre.wam,bfdau.wam,5
381,nneau.wam,jldbs.wam,5
382,33jau.wam,johan.za,5
383,lkrrg.wam,1zpo.wam,5
384,ezlbk.wam,ajvbe.wam,5
385,cnpoi.wam,pwcqw.wam,5
386,sl.r.wam,rv1be.wam,5
387,npqqi.wam,py1li.wam,5
388,1qeb.wam,wjyrg.wam,5
389,izlbg.wam,egzri.wam,5
390,izlbg.wam,fepb4.wam,5
391,t52r.wam,kbar.wam,5
392,dxkmc.wam,v3tb2.wam,5
393,p.tr.wam,ru1b4.wam,5
394,a2brg.wam,x5sr.wam,5
395,wbori.wam,tduay.wam,5
396,rbire.wam,ma1aq.wam,5
397,o.o.c.wam,p2jbg.wam,5
398,x.fr.wam,vcgri.wam,5
399,zm3qu.wam,1nfqw.wam,5
400,sorr.wam,jhhay.wam,5
401,dwqbe.wam,gqqrc.wam,5
402,trpbe.wam,csar.wam,5
403,hgtlc.wam,uv3bg.wam,5
404,rder2.wam,pwab.wam,5
405,mcdb2.wam,tv3b.wam,5
406,mcdb2.wam,xccqw.wam,5
407,xczaw.wam,snmre.wam,5
408,djfbo.wam,s3hau.wam,5
409,wyiqy.wam,pc.be.wam,5
410,lv3be.wam,2mtaq.wam,5
411,px1r.wam,1lqr2.wam,5
412,uiure.wam,vpgbg.wam,5
413,rdqqy.wam,ok1au.wam,5
414,yfjr2.wam,rdqqy.wam,5
415,tusay.wam.ax,ehlba.wam,5
416,kxrqy.wam,2hzra.wam,5
417,xvjb.wam,deirk.wam,5
418,jp2b4.wam,lo.bg.wam,5
419,xvjb.wam,oi3b.wam,5
420,1m5ba.wam,wikbg.wam,5
421,wax111222555,npqqi.wam,5
422,shootthemoon,1ygri.wam,5
423,kxrqy.wam,hmvbc.wam,5
424,wkkrm.wam,gzgbm.wam,5
425,j2qau.wam,pvmqu.wam,5
426,j2qau.wam,vcqbs.wam,5
427,j2qau.wam,ilure.wam,5
428,j2qau.wam,jrhb2.wam,5
429,j2qau.wam,.jjbg.wam,5
430,j2qau.wam,uhirs.wam,5
431,5e1rs.wam,33jau.wam,5
432,izlbg.wam,bnybe.wam,5
433,izlbg.wam,gsira.wam,5
434,5e1rs.wam,kuhay.wam,5
435,kxrqy.wam,m5xl.wam,5
436,5e1rs.wam,ierqy.wam,5
437,vb2r.wam,k2yre.wam,5
438,5fvbg.wam,lkrrg.wam,5
439,.eer.wam,yrsr2.wam,5
440,.eer.wam,rhbr4.wam,5
441,mv1ri.wam,vjgb.wam,5
442,3jrrk.wam,eebbe.wam,5
443,cotri.wam,ezlbk.wam,5
444,j2qau.wam,ydgbi.wam,5
445,j2qau.wam,bcvr2.wam,5
446,j2qau.wam,uwlbg.wam,5
447,lynqk.wam,n2wqy.wam,5
448,jp2b4.wam,pglrg.wam,5
449,jp2b4.wam,dture.wam,5
450,a2brg.wam,xioqu.wam,5
451,jp2b4.wam,cuxra.wam,5
452,jp2b4.wam,5atbg.wam,5
453,u1ibq.wam,a54rs.wam,5
454,u1ibq.wam,ha4r.wam,5
455,u1ibq.wam,xg.bg.wam,5
456,i.lr2.wam,uuybe.wam,5
457,susay.wam,2.pr.wam,5
458,i.lr2.wam,qnxr.wam,5
459,i.lr2.wam,vuqro.wam,5
460,oh5b.wam,ipw3y.wam,5
461,izlbg.wam,chqre.wam,5
462,oh5b.wam,mndb4.wam,5
463,oh5b.wam,.jdau.wam,5
464,lhhqu.wam,xfnri.wam,5
465,lhhqu.wam,h5zra.wam,5
466,wkkrm.wam,f44r.wam,5
467,5e1rs.wam,xftre.wam,5
468,v5moa.wam,2eybs.wam,5
469,35qqy.wam,ejhbe.wam,5
470,m1iri.wam,4mybg.wam,5
471,e43am.waa,cnpoi.wam,5
472,o135.wam,vcd5y.wam,5
473,34aaw.wam,wabr.wam,5
474,tnequ.wam,uc2r4.wam,5
475,fdnqy.wam,b.fpq.wam,5
476,aptbq.wam,lhqr2.wam,5
477,vz5be.wam,dzzqu.wam,5
478,uzuqu.wam,ytoqw.wam,5
479,tz5qs.wam,hstra.wam,5
480,u3dr2.wam,3xuls.wam,5
481,31ar4.wam,fnkrg.wam,5
482,bk1r4.wam,ob.r4.wam,5
483,hhobi.wam,5w1b2.wam,5
484,fevly.wam,2otra.wam,5
485,mpnay.wam,.thb4.wam,5
486,o135.wam,2jraw.wam,5
487,xl3b4.wam,1ubb.wam,5
488,h3zrk.wam,4.ur.wam,5
489,kxrqy.wam,i2eqy.wam,5
490,bk1r4.wam,e4bb.wam,5
491,az1ay.wam,5rnaw.wam,5
492,gjcbq.wam,bakr4.wam,5
493,yypb.wam,x2sbe.wam,5
494,az1ay.wam,hq5b4.wam,5
495,tylerglasnow,53fau.wam,5
496,v1yqu.wam,nnzrg.wam,5
497,gjcbq.wam,cekb4.wam,5
498,mueaw.wam,fy2ra.wam,4
499,oh.qq.wam,rxgaq.wam,4
500,cbk5a.wam,on5r4.wam,4
501,atqre.wam,nxdbm.wam,4
502,nu1bo.wam,nwjb2.wam,4
503,t52r.wam,ehgrg.wam,4
504,lt4r4.wam,q52bo.wam,4
505,jaoqg.wam,gnvau.wam,4
506,un2b.wam,w4hrc.wam,4
507,b5iqy.wam,cmrbe.wam,4
508,qwbr4.wam,zjxbg.wam,4
509,vshrg.wam,xisk2.wam,4
510,vcgri.wam,dmpra.wam,4
511,nxdbm.wam,zf1r4.wam,4
512,nneau.wam,wasrg.wam,4
513,xisk2.wam,n1xri.wam,4
514,bfdau.wam,jioay.wam,4
515,nneau.wam,u5jqy.wam,4
516,nneau.wam,1pvqy.wam,4
517,bcvr2.wam,wjvbe.wam,4
518,33jau.wam,jn.ro.wam,4
519,nneau.wam,isuqy.wam,4
520,cqcau.wam,sykbm.wam,4
521,cqcau.wam,exe2i.wam,4
522,hmvbc.wam,5fvr.wam,4
523,kxrqy.wam,zyer4.wam,4
524,hmvbc.wam,tusay.wam.ax,4
525,1.mbg.wam,atqre.wam,4
526,kxrqy.wam,431r4.wam,4
527,jfhbe.wam,fzlb.wam,4
528,cccba.wam,hhdo2.wam,4
529,aydaw.wam,3vkre.wam,4
530,ovrr.wam,wxqbg.wam,4
531,vpir2.wam,n53aw.wam,4
532,ovrr.wam,nu1bo.wam,4
533,az1ay.wam,fnqr.wam,4
534,mr3ai.wam,yksbi.wam,4
535,53hqw.wam,qdyr4.wam,4
536,4bdau.wam,aunb.wam,4
537,4bdau.wam,svrba.wam,4
538,humqk.wam,wlrbe.wam,4
539,4bdau.wam,mpjba.wam,4
540,xisk2.wam,qjtb2.wam,4
541,4bdau.wam,5xpre.wam,4
542,zdmpi.wam,t4.rg.wam,4
543,rmdb.wam,2cvba.wam,4
544,iniqy.wam,dxkmc.wam,4
545,puzr.wam,dlsba.wam,4
546,a.uqw.wam,3cjr4.wam,4
547,3cjr4.wam,ba3ro.wam,4
548,jackflaherty,vfebs.wam,4
549,ertqy.wam,2ltay.wam,4
550,nf3bq.wam,.wgay.wam,4
551,t4.rg.wam,justinblazed,4
552,pedb.wam,ktlrg.wam,4
553,p.fc2.wam,k5bay.wam,4
554,m3cb4.wam,ce2qu.wam,4
555,stash,yeer.wam,4
556,2cvba.wam,4ohmi.wam,4
557,ik3bc.wam,vperg.wam,4
558,swbaw.wam,v.ura.wam,4
559,vdnre.wam,zgsra.wam,4
560,11zau.wam,ul1ra.wam,4
561,ul1ra.wam,mi3r2.wam,4
562,mfwl4.wam,qjnr2.wam,4
563,w3ora.wam,ir1ro.wam,4
564,snsau.wam,ym3r4.wam,4
565,snsau.wam,lv.aw.wam,4
566,o4sbs.wam,zo2r.wam,4
567,rdqqy.wam,j4eag.wam,4
568,ok1au.wam,hfzqw.wam,4
569,otf2w.wam,uiure.wam,4
570,kfpr2.wam,arore.wam,4
571,4ohmi.wam,vbxba.wam,4
572,4ohmi.wam,emxre.wam,4
573,bo4qw.wam,zvfos.wam,4
574,zm3qu.wam,ybgro.wam,4
575,iihr.wam,soka.wam,4
576,hi1qy.wam,rmhqs.wam,4
577,qfure.wam,hmbr2.wam,4
578,wenmoonadmin,i5yb4.wam,4
579,h5sba.wam,uepbe.wam,4
580,odxro.wam,h5sba.wam,4
581,mcdb2.wam,1kyrq.wam,4
582,vmkbc.wam,lppai.wam,4
583,tmzb.wam,rqpr2.wam,4
584,ytkmg.wam,1tiqy.wam,4
585,lkvbs.wam,2x3rq.wam,4
586,e.vba.wam,uddbi.wam,4
587,wm.be.wam,idirk.wam,4
588,igtb.wam,rt2ri.wam,4
589,lv3be.wam,vmxre.wam,4
590,ubwr.wam,vnoqk.wam,4
591,uzqnu.wam,ubhqu.wam,4
592,hsuro.wam,2oxb.wam,4
593,oh5b.wam,zqmr2.wam,4
594,xbequ.wam,g4fqy.wam,4
595,oh5b.wam,fzlro.wam,4
596,lhhqu.wam,kreau.wam,4
597,lhhqu.wam,czeau.wam,4
598,lhhqu.wam,jhmay.wam,4
599,abfqu.wam,imwre.wam,4
600,cuer.wam,.ngaw.wam,4
601,zvob.wam,qdpbe.wam,4
602,zvob.wam,2v.aw.wam,4
603,.v.qy.wam,qenbm.wam,4
604,oh5b.wam,tqpre.wam,4
605,cotri.wam,krdau.wam,4
606,1o5qw.wam,tw3bg.wam,4
607,i.lr2.wam,yi1rg.wam,4
608,i.lr2.wam,mnwre.wam,4
609,i.lr2.wam,o3.be.wam,4
610,jgjbk.wam,pu3ay.wam,4
611,5qxre.wam,wkjbg.wam,4
612,lynqk.wam,hx2rq.wam,4
613,lynqk.wam,zi3rg.wam,4
614,susay.wam,ht5bs.wam,4
615,susay.wam,2nfre.wam,4
616,zzbr4.wam,iohrs.wam,4
617,zzbr4.wam,dnbqw.wam,4
618,.xdri.wam,cjdqu.wam,4
619,.xdri.wam,5gvba.wam,4
620,5fvbg.wam,a1hri.wam,4
621,dj4b2.wam,1iqqu.wam,4
622,5e1rs.wam,dljri.wam,4
623,5e1rs.wam,1ukr.wam,4
624,5e1rs.wam,b3kre.wam,4
625,5e1rs.wam,v32re.wam,4
626,5e1rs.wam,r2bak.wam,4
627,j2qau.wam,hn2b.wam,4
628,j2qau.wam,r1ib.wam,4
629,j2qau.wam,upabq.wam,4
630,j2qau.wam,hqybe.wam,4
631,j2qau.wam,fetre.wam,4
632,j2qau.wam,bajbe.wam,4
633,vrub.wam,sr5r.wam,4
634,zzbr4.wam,uiebe.wam,4
635,lynqk.wam,ciube.wam,4
636,o135.wam,1ilqw.wam,4
637,lynqk.wam,z3cau.wam,4
638,ls3bm.wam,yyvai.wam,4
639,xdtbg.wam,4jbrq.wam,4
640,1wur.wam,orkqw.wam,4
641,1wur.wam,nofr.wam,4
642,1wur.wam,j5hay.wam,4
643,x4qaw.wam,yv4qw.wam,4
644,x4qaw.wam,svjrc.wam,4
645,pmmqy.wam,mr3ai.wam,4
646,wyiqy.wam,bmbrs.wam,4
647,wyiqy.wam,oegr2.wam,4
648,wyiqy.wam,34ibs.wam,4
649,wyiqy.wam,e4srs.wam,4
650,wyiqy.wam,ovrr.wam,4
651,wyiqy.wam,aydaw.wam,4
652,wyiqy.wam,sner2.wam,4
653,wyiqy.wam,bqjbc.wam,4
654,wyiqy.wam,l3uqu.wam,4
655,dvhbk.wam,fjbqw.wam,4
656,xdtbg.wam,fvmbo.wam,4
657,ls3bm.wam,jd3b.wam,4
658,fzfqu.wam,4bdau.wam,4
659,izlbg.wam,qrjau.wam,4
660,jp2b4.wam,kz5ri.wam,4
661,jp2b4.wam,31lrg.wam,4
662,jp2b4.wam,bz1r.wam,4
663,jp2b4.wam,i2zbm.wam,4
664,jp2b4.wam,franklin.gm,4
665,jp2b4.wam,k.4rg.wam,4
666,jp2b4.wam,qezbc.wam,4
667,jp2b4.wam,psfbs.wam,4
668,izlbg.wam,essri.wam,4
669,izlbg.wam,isnbs.wam,4
670,izlbg.wam,x3pr4.wam,4
671,izlbg.wam,cxmre.wam,4
672,izlbg.wam,3wkbg.wam,4
673,izlbg.wam,kxdbi.wam,4
674,izlbg.wam,f2obk.wam,4
675,izlbg.wam,sywrg.wam,4
676,izlbg.wam,41lbq.wam,4
677,333b4.wam,sydb.wam,4
678,lynqk.wam,h.ebg.wam,4
679,.trre.wam,d2gaq.wam,4
680,cadr.wam,fwmr.wam,4
681,ocprg.wam,2otr.wam,4
682,bmwr.wam,xtqbg.wam,4
683,1vobc.wam,xcsb2.wam,4
684,2a2be.wam,o.o.c.wam,4
685,sjiau.waa,r5cbq.wam,4
686,i2xqy.wam,uvube.wam,4
687,2a2be.wam,.rtra.wam,4
688,gjcbq.wam,drnre.wam,4
689,nhrr2.wam,plbb.wam,4
690,gjcbq.wam,lotay.wam,4
691,lh3b.wam,1m5ba.wam,4
692,vz5be.wam,np2ay.wam,4
693,njdau.wam,rqvbe.wam,4
694,v2ybe.wam,qjbrg.wam,4
695,xl3b4.wam,5ecr.wam,4
696,njdau.wam,mfbbe.wam,4
697,hhobi.wam,5kybk.wam,4
698,gjcbq.wam,olvr2.wam,4
699,xl3b4.wam,sxcba.wam,4
700,rprqy.wam,gq1qw.wam,4
701,fevly.wam,4jhb.wam,4
702,3jpqw.wam,4peqw.wam,4
703,tylerglasnow,.qzbe.wam,4
704,cb3r2.wam,i3sba.wam,4
705,hhyb4.wam,ryeb.wam,4
706,hhyb4.wam,dennyxyxnfts,4
707,r3yra.wam,2xvr2.wam,4
708,lh3b.wam,e5xao.wam,4
709,rprqy.wam,kjdau.wam,4
710,hh4r.wam,3tvre.wam,4
711,v1yqu.wam,sz1re.wam,4
712,xwurq.wam,st5ra.wam,4
713,1vobc.wam,v32ay.wam,4
714,tnequ.wam,5udr.wam,4
715,.kjqy.wam,5hcba.wam,4
716,jgpbq.wam,sxmbk.wam,4
717,ixybw.wam,3mhr.wam,4
718,e5lbi.wam,hzcr4.wam,4
719,ug1qm.waa,tu4ay.wam,4
720,m1iri.wam,tiarg.wam,4
721,r3yra.wam,fmtb4.wam,4
722,njdau.wam,ggsag.wam,4
723,njdau.wam,sozro.wam,4
724,2d.b2.wam,5zjbo.wam,4
725,bbiqu.wam,hlnam.wam,4
726,v1yqu.wam,c4obk.wam,4
727,r3yra.wam,tpwrk.wam,4
728,2d.b2.wam,rnebo.wam,4
729,1vobc.wam,utvrg.wam,4
730,yypb.wam,lk2bk.wam,4
731,v1yqu.wam,jddqw.wam,4
732,.3fau.wam,s1kra.wam,4
733,o135.wam,i3yb.wam,4
734,o135.wam,vnjb.wam,4
735,yypb.wam,t1.5c.wam,4
736,yypb.wam,p2dre.wam,4
737,yypb.wam,y1mrs.wam,4
738,tnequ.wam,b3eb.wam,4
739,11pre.wam,tqxrg.wam,4
740,vnjb.wam,p.tr.wam,3
741,qjtb2.wam,q2fp2.wam,3
742,cheebenz.gm,.uqre.wam,3
743,ehlba.wam,ynnrc.wam,3
744,lppai.wam,1deqy.wam,3
745,hhdo2.wam,4wnaw.wam,3
746,jioay.wam,dwiri.wam,3
747,atqre.wam,lcgra.wam,3
748,1qyrc.wam,wbhqu.wam,3
749,ehlba.wam,qrlqu.wam,3
750,1qyrc.wam,io4r2.wam,3
751,u5jqy.wam,w1cqw.wam,3
752,wdab4.wam,2vlbq.wam,3
753,uddbi.wam,aztre.wam,3
754,bhwqy.wam,4q5qm.wam,3
755,jaoqg.wam,bubblegum.gm,3
756,p.fc2.wam,4ziba.wam,3
757,p.fc2.wam,hfsr.wam,3
758,lf4b2.wam,hh2qw.wam,3
759,dkube.wam,se.aq.wam,3
760,ze1qy.wam,j1lr4.wam,3
761,ze1qy.wam,ixxay.wam,3
762,zm1ay.wam,1kirk.wam,3
763,zm1ay.wam,okar4.wam,3
764,zm1ay.wam,lucasgiolito,3
765,.jtr4.wam,iqarg.wam,3
766,blopsie.za,m5xr4.wam,3
767,miwbe.wam,52nr4.wam,3
768,jackflaherty,oaxra.wam,3
769,4k2b2.wam,uihb.wam,3
770,11.gm,m3cb4.wam,3
771,xz.re.wam,v52bi.wam,3
772,vgqrq.wam,.14b2.wam,3
773,px1r.wam,rr5r4.wam,3
774,px1r.wam,wbori.wam,3
775,v2tb2.wam,irdau.wam,3
776,lfoaw.wam,dvjbe.wam,3
777,.34re.wam,eowba.wam,3
778,zm3qu.wam,uk1b2.wam,3
779,zm3qu.wam,zkhbs.wam,3
780,fwkr2.wam,zct.o.wam,3
781,mueaw.wam,cxwr4.wam,3
782,mueaw.wam,l5mam.wam,3
783,5kybk.wam,vpv.c.wam,3
784,r2bak.wam,3cpbs.wam,3
785,.qzbe.wam,swbaw.wam,3
786,kjdau.wam,hkbr.wam,3
787,pwcqw.wam,kuuqy.wam,3
788,1zpo.wam,vsdqw.wam,3
789,hmvbc.wam,iwillbuythis,3
790,m5xl.wam,snsau.wam,3
791,m5xl.wam,m2vb4.wam,3
792,5rnaw.wam,uc2py.wam,3
793,5rnaw.wam,o4sbs.wam,3
794,ytoqw.wam,ltvqu.wam,3
795,2otra.wam,yzb14.wam,3
796,33jau.wam,1jtr2.wam,3
797,33jau.wam,yqcrm.wam,3
798,bcvr2.wam,rq5bg.wam,3
799,uuybe.wam,bpwr4.wam,3
800,nneau.wam,greau.wam,3
801,nneau.wam,djkr.wam,3
802,nneau.wam,2ltaystorage,3
803,h5rb4.wam,mf4ay.wam,3
804,jckqm.wam,xtsba.wam,3
805,nneau.wam,humqk.wam,3
806,di3b2.wam,12ibm.wam,3
807,decqy.wam,piare.wam,3
808,nneau.wam,twdqq.wam,3
809,nneau.wam,qjlka.wam,3
810,x5sr.wam,om.r2.wam,3
811,xioqu.wam,uxnay.wam,3
812,xioqu.wam,l2hke.wam,3
813,dvbao.wam,n4lre.wam,3
814,pwcqw.wam,wmnmu.wam,3
815,py1li.wam,y3bre.wam,3
816,py1li.wam,txers.wam,3
817,334rg.wam,5p53o.wam,3
818,lotay.wam,qqer.wam,3
819,o.o.c.wam,n.oqw.wam,3
820,jddqw.wam,tenbk.wam,3
821,p2dre.wam,bqcb2.wam,3
822,dljri.wam,e5rau.wam,3
823,dljri.wam,tuqbg.wam,3
824,dljri.wam,w1gra.wam,3
825,dljri.wam,fpgbm.wam,3
826,.2drg.wam,rc1b4.wam,3
827,r2bak.wam,z3yre.wam,3
828,hn2b.wam,or2rg.wam,3
829,kreau.wam,lz1b.wam,3
830,.ngaw.wam,eeybe.wam,3
831,aydaw.wam,21ubc.wam,3
832,zqmr2.wam,b5cay.wam,3
833,4bdau.wam,enjb.wam,3
834,4bdau.wam,y5qre.wam,3
835,4bdau.wam,wewr4.wam,3
836,gl2qy.wam,zcubs.wam,3
837,essri.wam,r.lay.wam,3
838,h1sau.wam,5d.bo.wam,3
839,qrjau.wam,dsxbg.wam,3
840,53hqw.wam,vs1rs.wam,3
841,53hqw.wam,2fobq.wam,3
842,34ibs.wam,sl.r.wam,3
843,ovrr.wam,charazyworld,3
844,ic1rk.wam,5etbi.wam,3
845,mfwl4.wam,jrgqu.wam,3
846,waxmeamadeus,3b.qu.wam,3
847,r5iri.wam,rr2rk.wam,3
848,lv3be.wam,.y1re.wam,3
849,2mtaq.wam,qnhb.wam,3
850,rqhb.wam,tkzoc.wam,3
851,2ior.wam,du2qw.wam,3
852,rt2ri.wam,5vcrc.wam,3
853,igtb.wam,wq5b4.wam,3
854,5xh1e.wam,or1aw.wam,3
855,waxmeamadeus,rvpre.wam,3
856,a2kbe.wam,a.sre.wam,3
857,dratrapalhad,ii2b.wam,3
858,yl.aw.wam,3jbqw.wam,3
859,katrg.wam,3whmi.wam,3
860,3abra.wam,.odqy.wam,3
861,3cqaw.wam,5dzbg.wam,3
862,agnrg.wam,35xnw.wam,3
863,vnoqk.wam,lv3be.wam,3
864,s3or4.wam,azwlw.wam,3
865,2nhqw.wam,oe4b.wam,3
866,2usrg.wam,p.lbs.wam,3
867,cykbm.wam,ksors.wam,3
868,kfpr2.wam,w.qrg.wam,3
869,ipnb2.wam,gerwaxwallet,3
870,l33r2.wam,do5bg.wam,3
871,rdqqy.wam,otf2w.wam,3
872,yfjr2.wam,dtxqy.wam,3
873,chqre.wam,hdmba.wam,3
874,qwbr4.wam,un2b.wam,3
875,mogrg.wam,yfjr2.wam,3
876,jzjqw.wam,xwjb.wam,3
877,onlaw.wam,gbebo.wam,3
878,rhbrm.wam,newtalentnft,3
879,em5rg.wam,ifsb2.wam,3
880,rbire.wam,cf.rq.wam,3
881,lkvbs.wam,c1oay.wam,3
882,5iurc.wam,1fu2k.wam,3
883,2alre.wam,bksrc.wam,3
884,pljrg.wam,fozrk.wam,3
885,.tjbs.wam,4p.ro.wam,3
886,d5zqy.wam,h4jqy.wam,3
887,fkkaq.wam,csvbg.wam,3
888,thirs.wam,rotne.wam,3
889,3ouay.wam,tnbro.wam,3
890,slr2a.wam,r13bi.wam,3
891,22hra.wam,ndiba.wam,3
892,i5yb4.wam,y4sr.wam,3
893,1bdqcwivf.gm,ixpre.wam,3
894,.ogrk.wam,pa2qy.wam,3
895,rahba.wam,4yjqy.wam,3
896,mfgqw.wam,wtfqy.wam,3
897,mrdau.wam,ngxbg.wam,3
898,x14qi.wam,dxobs.wam,3
899,nptb4.wam,to1bg.wam,3
900,ro1rc.wam,ro4rc.wam,3
901,h5sba.wam,13or2.wam,3
902,h5sba.wam,dkvrg.wam,3
903,h5sba.wam,uy1ay.wam,3
904,iihr.wam,1dhaq.wam,3
905,rder2.wam,.m1re.wam,3
906,xccqw.wam,mzhr.wam,3
907,yenr4.wam,icxay.wam,3
908,1pjbk.wam,i5zre.wam,3
909,pbsr2.wam,ujnr.wam,3
910,jm1ay.wam,zc5bo.wam,3
911,xczaw.wam,tmzb.wam,3
912,wdwre.wam,yhmro.wam,3
913,o1ib4.wam,j25qy.wam,3
914,zg3a.wam,wgib2.wam,3
915,o1ib4.wam,eb1qy.wam,3
916,5xfb2.wam,nf3bq.wam,3
917,sl.r.wam,3frb2.wam,3
918,snsau.wam,joobs.wam,3
919,.hsas.wam,5vrbm.wam,3
920,snsau.wam,5ri4a.wam,3
921,snsau.wam,yq5qy.wam,3
922,o4sbs.wam,vvdr.wam,3
923,o4sbs.wam,2nlbk.wam,3
924,ltvqu.wam,ertqy.wam,3
925,ltvqu.wam,mjsaw.wam,3
926,j1caw.wam,rhqbg.wam,3
927,j1caw.wam,pd5bs.wam,3
928,humqk.wam,4lnre.wam,3
929,qkdau.wam,r1ur2.wam,3
930,t52r.wam,dpvre.wam,3
931,1qeb.wam,tlaaw.wam,3
932,r.lay.wam,2udbe.wam,3
933,le1qu.wam,n.xr4.wam,3
934,le1qu.wam,oqtre.wam,3
935,o1ar4.wam,ndsr4.wam,3
936,fyqam.waa,zy2ba.wam,3
937,fyqam.waa,hg4qy.wam,3
938,shdbs.wam,sxsbe.wam,3
939,44yra.wam,uhrr2.wam,3
940,44yra.wam,zdmpi.wam,3
941,vdnre.wam,yujr2.wam,3
942,vdnre.wam,lihrg.wam,3
943,nchra.wam,4e.rc.wam,3
944,nchra.wam,jxsre.wam,3
945,megawaxvault,aw3b.wam,3
946,dxkmc.wam,vpaqq.wam,3
947,r.lay.wam,ftar.wam,3
948,bqcb2.wam,pe1bq.wam,3
949,ulpnm.wam,oxubm.wam,3
950,ertqy.wam,twyoq.wam,3
951,wylai.wam,zrequ.wam,3
952,ldlr4.wam,qphbq.wam,3
953,4xulk.wam,qr1r4.wam,3
954,hjlqw.wam,ldlr4.wam,3
955,oxubm.wam,wt3ba.wam,3
956,rneau.wam,zd2bg.wam,3
957,unsmashedmkt,edtbq.wam,3
958,twyoq.wam,ekflo.wam,3
959,bxfr.wam,rneau.wam,3
960,w125m.wam,gftnm.wam,3
961,w125m.wam,einfachtrash,3
962,joobs.wam,jtpr.wam,3
963,rvkmq.wam,bzfb4.wam,3
964,5ri4a.wam,unsmashedmkt,3
965,bbjau.wam,1qrre.wam,3
966,swbaw.wam,w125m.wam,3
967,tlaaw.wam,r.vb4.wam,3
968,t4.rg.wam,kapr4.wam,3
969,m5xr4.wam,nxurg.wam,3
970,uihb.wam,1m3b.wam,3
971,ervb2.wam,jcab.wam,3
972,m3cb4.wam,edcba.wam,3
973,l5mam.wam,modbs.wam,3
974,qrlqu.wam,5lgms.wam,3
975,qrlqu.wam,bxfr.wam,3
976,w1cqw.wam,iq.rc.wam,3
977,swbaw.wam,svcr.wam,3
978,swbaw.wam,cb.b2.wam,3
979,swbaw.wam,lkgbi.wam,3
980,.hsas.wam,w1prs.wam,3
981,pyab4.wam,vegb2.wam,3
982,knkrk.wam,bngb4.wam,3
983,hqtbo.wam,potra.wam,3
984,j2qau.wam,px1r.wam,3
985,lhhqu.wam,b2krm.wam,3
986,lhhqu.wam,fb.ay.wam,3
987,lhhqu.wam,kvcqy.wam,3
988,lhhqu.wam,c.eqw.wam,3
989,susay.wam,4ilay.wam,3
990,zzbr4.wam,ofpbe.wam,3
991,j2qau.wam,nd23o.wam,3
992,j2qau.wam,jafbq.wam,3
993,lhhqu.wam,gxfqw.wam,3
994,j2qau.wam,tu.be.wam,3
995,j2qau.wam,n1drq.wam,3
996,j2qau.wam,fbobq.wam,3
997,j2qau.wam,cdorq.wam,3
998,j2qau.wam,ngqbs.wam,3
999,j2qau.wam,q21bk.wam,3
1000,j2qau.wam,vgqrq.wam,3
1001,lhhqu.wam,ydtqu.wam,3
1002,lhhqu.wam,2tdba.wam,3
1003,kstra.wam,4x.qi.wam,3
1004,dvhbk.wam,cheebenz.gm,3
1005,xvjb.wam,ta1ao.wam,3
1006,.v.qy.wam,e.vba.wam,3
1007,zvob.wam,1g.bm.wam,3
1008,zvob.wam,xycb.wam,3
1009,xvjb.wam,wqj2.wam,3
1010,xvjb.wam,bb5re.wam,3
1011,xvjb.wam,hfsqy.wam,3
1012,gk.re.wam,nmsbi.wam,3
1013,lhhqu.wam,knkrk.wam,3
1014,zvob.wam,zufb2.wam,3
1015,zvob.wam,knyb.wam,3
1016,bo.r2.wam,djfbo.wam,3
1017,abfqu.wam,2tjre.wam,3
1018,abfqu.wam,ruebk.wam,3
1019,abfqu.wam,g.4bm.wam,3
1020,abfqu.wam,um5rg.wam,3
1021,j2qau.wam,ymeb.wam,3
1022,j2qau.wam,v4drs.wam,3
1023,j2qau.wam,qzerg.wam,3
1024,rxoqy.wam,gklbe.wam,3
1025,tgrqy.wam,4k2b2.wam,3
1026,tgrqy.wam,sczbm.wam,3
1027,p2lb.wam,jackflaherty,3
1028,cotri.wam,hx3bi.wam,3
1029,cotri.wam,zhuay.wam,3
1030,cotri.wam,l5mbi.wam,3
1031,wkkrm.wam,jeaqw.wam,3
1032,rxoqy.wam,dnqre.wam,3
1033,j2qau.wam,jcsbq.wam,3
1034,2d.b2.wam,miwbe.wam,3
1035,2d.b2.wam,1hqr2.wam,3
1036,2d.b2.wam,zgkbi.wam,3
1037,2d.b2.wam,pdobq.wam,3
1038,nleri.wam,akjrc.wam,3
1039,yypb.wam,yjab.wam,3
1040,yypb.wam,fyo4g.waa,3
1041,jloro.wam,blumoonphunk,3
1042,jloro.wam,11.gm,3
1043,3jrrk.wam,fbxri.wam,3
1044,333b4.wam,i52aw.wam,3
1045,j2qau.wam,2n1re.wam,3
1046,j2qau.wam,4qjbg.wam,3
1047,misr4.wam,werr.wam,3
1048,j2qau.wam,4obr.wam,3
1049,j2qau.wam,a.uqw.wam,3
1050,5e1rs.wam,evgr.wam,3
1051,5e1rs.wam,xz.re.wam,3
1052,5e1rs.wam,h3zr2.wam,3
1053,5e1rs.wam,n1jba.wam,3
1054,vb2r.wam,wamr4.wam,3
1055,dj4b2.wam,f5kaw.wam,3
1056,.eer.wam,nxcrq.wam,3
1057,mv1ri.wam,vvequ.wam,3
1058,333b4.wam,is5r.wam,3
1059,333b4.wam,qmtre.wam,3
1060,wyiqy.wam,bhwqy.wam,3
1061,wyiqy.wam,moonmastrwax,3
1062,wyiqy.wam,r1zr4.wam,3
1063,izlbg.wam,qehro.wam,3
1064,jp2b4.wam,d.nbg.wam,3
1065,izlbg.wam,kkbrk.wam,3
1066,izlbg.wam,5cpr4.wam,3
1067,jp2b4.wam,42tbm.wam,3
1068,izlbg.wam,z45.wam,3
1069,ap5qu.wam,qv.re.wam,3
1070,jp2b4.wam,m.5rg.wam,3
1071,izlbg.wam,qfure.wam,3
1072,fzfqu.wam,qywbg.wam,3
1073,izlbg.wam,uhxbe.wam,3
1074,izlbg.wam,epwaw.wam,3
1075,izlbg.wam,e1ore.wam,3
1076,jp2b4.wam,judbs.wam,3
1077,fzfqu.wam,pxkrs.wam,3
1078,fzfqu.wam,hq4r.wam,3
1079,fzfqu.wam,tuurm.wam,3
1080,jp2b4.wam,15ebo.wam,3
1081,izlbg.wam,ecaba.wam,3
1082,izlbg.wam,mezr4.wam,3
1083,izlbg.wam,.34re.wam,3
1084,a2brg.wam,waxcardstore,3
1085,a2brg.wam,3kib4.wam,3
1086,jp2b4.wam,h4xrg.wam,3
1087,jp2b4.wam,2jg1a.wam,3
1088,izlbg.wam,ye2rq.wam,3
1089,jp2b4.wam,iu1re.wam,3
1090,izlbg.wam,.xqre.wam,3
1091,jp2b4.wam,g3ori.wam,3
1092,izlbg.wam,.r3re.wam,3
1093,jp2b4.wam,ktcqy.wam,3
1094,jp2b4.wam,abhbe.wam,3
1095,izlbg.wam,zckay.wam,3
1096,izlbg.wam,hi5rm.wam,3
1097,izlbg.wam,3fwb.wam,3
1098,jp2b4.wam,b2dr.wam,3
1099,fzfqu.wam,lfoaw.wam,3
1100,fzfqu.wam,g.dqy.wam,3
1101,wyiqy.wam,usobq.wam,3
1102,wpvra.wam,jaoqg.wam,3
1103,1o5qw.wam,tc2qw.wam,3
1104,1o5qw.wam,sxabg.wam,3
1105,1wur.wam,xwmba.wam,3
1106,oh5b.wam,byxr4.wam,3
1107,oh5b.wam,mlsro.wam,3
1108,oh5b.wam,v2tb2.wam,3
1109,oh5b.wam,ofeau.wam,3
1110,pmmqy.wam,iu2qq.wam,3
1111,u1ibq.wam,uq5rq.wam,3
1112,.v.qy.wam,qgkbc.wam,3
1113,.v.qy.wam,ymq.y.wam,3
1114,pmmqy.wam,hosr2.wam,3
1115,wyiqy.wam,fcmbs.wam,3
1116,wyiqy.wam,il5bq.wam,3
1117,wyiqy.wam,rvyre.wam,3
1118,wyiqy.wam,ebab4.wam,3
1119,1o5qw.wam,1apro.wam,3
1120,i.lr2.wam,nnpay.wam,3
1121,kwgr2.wam,mueaw.wam,3
1122,i.lr2.wam,ogeri.wam,3
1123,lynqk.wam,jbeau.wam,3
1124,lynqk.wam,wutre.wam,3
1125,lynqk.wam,l.hrk.wam,3
1126,lynqk.wam,imzrg.wam,3
1127,jgjbk.wam,.fpbe.wam,3
1128,ls3bm.wam,zm3qu.wam,3
1129,ls3bm.wam,g5laq.wam,3
1130,xdtbg.wam,fwkr2.wam,3
1131,i.lr2.wam,brjb2.wam,3
1132,xdtbg.wam,wtxbg.wam,3
1133,xdtbg.wam,e.nr.wam,3
1134,i.lr2.wam,bh4aw.wam,3
1135,i.lr2.wam,re4r2.wam,3
1136,xdtbg.wam,vtnay.wam,3
1137,kwgr2.wam,bogrs.wam,3
1138,lqjbi.wam,blopsie.za,3
1139,xvjb.wam,2.ib4.wam,3
1140,v1yqu.wam,pknr.wam,3
1141,mo.r4.wam,dwz4e.wam,3
1142,f1tra.wam,s15b.wam,3
1143,nssrs.wam,flbbo.wam,3
1144,eatb.wam,ik3bc.wam,3
1145,eatb.wam,nt3ra.wam,3
1146,i2xqy.wam,3vdau.wam,3
1147,i2xqy.wam,aacqy.wam,3
1148,i2xqy.wam,mg5q.wam,3
1149,sjiau.waa,1mnre.wam,3
1150,sjiau.waa,o1he2.wam,3
1151,sjiau.waa,dppre.wam,3
1152,uzuqu.wam,nchra.wam,3
1153,5a3aw.wam,vdnre.wam,3
1154,v1yqu.wam,hgpbk.wam,3
1155,ttrqw.wam,nd.r4.wam,3
1156,jkurq.wam,gp1qw.wam,3
1157,aptbq.wam,su4bg.wam,3
1158,xoxay.wam,axmbo.wam,3
1159,x1cbs.wam,s14ro.wam,3
1160,1vobc.wam,zwgrg.wam,3
1161,1vobc.wam,11zau.wam,3
1162,1vobc.wam,5j4re.wam,3
1163,1vobc.wam,le5b.wam,3
1164,1vobc.wam,shybi.wam,3
1165,hhobi.wam,5v3ro.wam,3
1166,om1qy.wam,wvfau.wam,3
1167,fevly.wam,megawaxvault,3
1168,g2jaw.wam,.2drg.wam,3
1169,amuba.wam,p.fc2.wam,3
1170,bbiqu.wam,urcbo.wam,3
1171,bbiqu.wam,ic1rk.wam,3
1172,fuwb4.wam,1jhbg.wam,3
1173,fuwb4.wam,2ilqy.wam,3
1174,fuwb4.wam,c3ib4.wam,3
1175,fuwb4.wam,lkirk.wam,3
1176,fuwb4.wam,kl.b4.wam,3
1177,fuwb4.wam,viwb4.wam,3
1178,.trre.wam,qzfbg.wam,3
1179,dtrr2.wam,ytaro.wam,3
1180,3jpqw.wam,stash,3
1181,lh3b.wam,jl2ra.wam,3
1182,lh3b.wam,bc4r2.wam,3
1183,lh3b.wam,emfr.wam,3
1184,lh3b.wam,waxmeamadeus,3
1185,lh3b.wam,iniqy.wam,3
1186,tylerglasnow,tjkrq.wam,3
1187,tylerglasnow,4htre.wam,3
1188,tylerglasnow,ytqbq.wam,3
1189,o3.qy.wam,skjbk.wam,3
1190,v4obq.wam,xx.bo.wam,3
1191,1vobc.wam,25.ri.wam,3
1192,o135.wam,imbr.wam,3
1193,o135.wam,4ggqq.wam,3
1194,gymqy.wam,ptirq.wam,3
1195,dvbbe.wam,en1rq.wam,3
1196,az1ay.wam,yfpau.wam,3
1197,az1ay.wam,lzjaw.wam,3
1198,az1ay.wam,osaqw.wam,3
1199,az1ay.wam,1qeb.wam,3
1200,az1ay.wam,kogr2.wam,3
1201,az1ay.wam,dniqu.wam,3
1202,e1tbe.wam,z.raq.wam,3
1203,x.cqw.wam,msmqw.wam,3
1204,gymqy.wam,korra.wam,3
1205,gymqy.wam,lr3re.wam,3
1206,v.25g.wam,4pdqw.wam,3
1207,m34ro.wam,a1kre.wam,3
1208,m34ro.wam,5xfb2.wam,3
1209,vpir2.wam,uxa2c.wam,3
1210,2ijr4.wam,t52r.wam,3
1211,2ijr4.wam,drvb.wam,3
1212,kxrqy.wam,n..ra.wam,3
1213,cqcau.wam,g4kbg.wam,3
1214,cqcau.wam,vsgrs.wam,3
1215,wax111222555,lwjbg.wam,3
1216,ap5qu.wam,qkdau.wam,3
1217,dvbbe.wam,c4law.wam,3
1218,dagr.wam,le1qu.wam,3
1219,o135.wam,tn4r.wam,3
1220,uhwrg.wam,fn.b.wam,3
1221,o135.wam,larryfinewax,3
1222,o135.wam,qyfb.wam,3
1223,o135.wam,d5sre.wam,3
1224,hieb.wam,w.sb2.wam,3
1225,todaybutnota,5skri.wam,3
1226,rnsa.wam,shdbs.wam,3
1227,w3aqy.wam,cjere.wam,3
1228,hsuro.wam,shootthemoon,3
1229,14vb2.wam,qnerc.wam,3
1230,uhwrg.wam,3ver4.wam,3
1231,tnsr2.wam,fyqam.waa,3
1232,cccba.wam,w3ora.wam,3
1233,vshrg.wam,wclkq.wam,3
1234,vshrg.wam,tawb4.wam,3
1235,vshrg.wam,r55bi.wam,3
1236,rs.aw.wam,2k.ok.wam,3
1237,5tgbs.wam,o1ar4.wam,3
1238,mpnay.wam,15.bg.wam,3
1239,mpnay.wam,wagqw.wam,3
1240,mpnay.wam,lnir.wam,3
1241,mpnay.wam,oj4bq.wam,3
1242,mpnay.wam,hdo.wam,3
1243,wizardx,yk4rc.wam,3
1244,a2brg.wam,23kbe.wam,3
1245,mclbs.wam,pedb.wam,3
1246,gjcbq.wam,1ryb.wam,3
1247,wvobe.wam,ahkba.wam,3
1248,ujbb.wam,.mwbe.wam,3
1249,11pre.wam,mrgr4.wam,3
1250,ovlaw.wam,.jtr4.wam,3
1251,ovlaw.wam,ybpr4.wam,3
1252,vz5be.wam,.lrrq.wam,3
1253,mclbs.wam,mcmr4.wam,3
1254,tzwba.wam,p4yrq.wam,3
1255,2dlrs.wam,.53bs.wam,3
1256,r3yra.wam,5uxbe.wam,3
1257,mclbs.wam,mvyb4.wam,3
1258,xl3b4.wam,rzuau.wam,3
1259,5zcqw.wam,lkd5g.wam,3
1260,hrequ.wam,dkube.wam,3
1261,xl3b4.wam,trrri.wam,3
1262,r3yra.wam,2wmr2.wam,3
1263,ujbb.wam,2ncre.wam,3
1264,njdau.wam,hf3b4.wam,3
1265,e5lbi.wam,kwhr.wam,3
1266,tnequ.wam,vhpqy.wam,3
1267,g1sbo.wam,douba.wam,3
1268,g1sbo.wam,lf4b2.wam,3
1269,intqi.wam,vn4re.wam,3
1270,intqi.wam,homrc.wam,3
1271,tnequ.wam,yxlri.wam,3
1272,tnequ.wam,cxrb4.wam,3
1273,ujbb.wam,zm1ay.wam,3
1274,m1iri.wam,sgib2.wam,3
1275,jhx.u.wam,rxtqu.wam,3
1276,5xwbe.wam,m5ybe.wam,3
1277,5xwbe.wam,zr4rg.wam,3
1278,tnequ.wam,bemro.wam,3
1279,njdau.wam,uofr2.wam,3
1280,rprqy.wam,aseaw.wam,3
1281,mclbs.wam,ks1r4.wam,3
1282,3toqy.wam,xpbbg.wam,3
1283,bmwr.wam,fv4ay.wam,3
1284,vz5be.wam,ze1qy.wam,3
1285,vz5be.wam,r33ra.wam,3
1286,hhyb4.wam,pkerk.wam,3
1287,bmwr.wam,zj5r4.wam,3
1288,tz5qs.wam,n3cr2.wam,3
1289,v1yqu.wam,fmzbe.wam,3
1290,v1yqu.wam,qu5b.wam,3
1291,ixybw.wam,besqy.wam,3
1292,vztbe.wam,c4prq.wam,3
1293,v1yqu.wam,5ssay.wam,3
1294,v1yqu.wam,lhvbu.wam,3
1295,bmbrs.wam,ed2bq.wam,2
1296,1qeb.wam,swmbo.wam,2
1297,p.fc2.wam,5xh1e.wam,2
1298,svjrc.wam,kfdre.wam,2
1299,j5hay.wam,smdba.wam,2
1300,mfwl4.wam,iihr.wam,2
1301,orkqw.wam,ho4r2.wam,2
1302,zm1ay.wam,yvvau.wam,2
1303,fvmbo.wam,2deqw.wam,2
1304,fvmbo.wam,5xcro.wam,2
1305,douba.wam,b4dqy.wam,2
1306,53hqw.wam,w5vre.wam,2
1307,53hqw.wam,izkbi.wam,2
1308,h1sau.wam,fycr.wam,2
1309,larryfinewax,mjwb.wam,2
1310,1qeb.wam,ojxbo.wam,2
1311,4ggqq.wam,pr4qo.wam,2
1312,2ncre.wam,gc1aw.wam,2
1313,yk4rc.wam,bloqy.wam,2
1314,le1qu.wam,vtars.wam,2
1315,lf4b2.wam,2z4be.wam,2
1316,le1qu.wam,jsabo.wam,2
1317,mr3ai.wam,aosba.wam,2
1318,besqy.wam,nrbqw.wam,2
1319,1qeb.wam,5x5rg.wam,2
1320,le1qu.wam,esvbk.wam,2
1321,besqy.wam,vj2b4.wam,2
1322,besqy.wam,t2ybe.wam,2
1323,fyqam.waa,mf5ba.wam,2
1324,1ygri.wam,w4mrc.wam,2
1325,c4prq.wam,tv.r4.wam,2
1326,urcbo.wam,yl.aw.wam,2
1327,dwz4e.wam,hr1ri.wam,2
1328,1ygri.wam,tmobi.wam,2
1329,1qeb.wam,co4bi.wam,2
1330,1ygri.wam,ro1rc.wam,2
1331,25.ri.wam,dnub4.wam,2
1332,megawaxvault,nqfbg.wam,2
1333,53hqw.wam,nbsbq.wam,2
1334,waxmeamadeus,xoqqy.wam,2
1335,zwgrg.wam,kbbr4.wam,2
1336,h1sau.wam,pn1rg.wam,2
1337,1yym2.wam,ra.ly.wam,2
1338,44yra.wam,rribg.wam,2
1339,vdnre.wam,tymr4.wam,2
1340,vdnre.wam,e2cr.wam,2
1341,vdnre.wam,kowrg.wam,2
1342,megawaxvault,y3.b.wam,2
1343,vdnre.wam,mrm2y.wam,2
1344,nchra.wam,hckaw.wam,2
1345,nchra.wam,ew1re.wam,2
1346,mg5q.wam,su2ay.wam,2
1347,megawaxvault,1vrmu.wam,2
1348,mg5q.wam,z1sqy.wam,2
1349,h1sau.wam,4okrg.wam,2
1350,aacqy.wam,bo4qw.wam,2
1351,aacqy.wam,fhlqw.wam,2
1352,s15b.wam,nuwbg.wam,2
1353,s15b.wam,medre.wam,2
1354,megawaxvault,vneau.wam,2
1355,zwgrg.wam,zsf1y.wam,2
1356,shybi.wam,il2rq.wam,2
1357,gtwr4.wam,mgoba.wam,2
1358,megawaxvault,zq3ra.wam,2
1359,shybi.wam,5ocaw.wam,2
1360,53hqw.wam,g2gb.wam,2
1361,qrjau.wam,32qr4.wam,2
1362,urcbo.wam,2xqay.wam,2
1363,41lbq.wam,dpaqw.wam,2
1364,41lbq.wam,ldaqy.wam,2
1365,41lbq.wam,t3ob.wam,2
1366,h1sau.wam,tp2rs.wam,2
1367,shybi.wam,yenr4.wam,2
1368,ic1rk.wam,un.rq.wam,2
1369,shybi.wam,sfbr.wam,2
1370,ul1ra.wam,.tkbo.wam,2
1371,ic1rk.wam,tearg.wam,2
1372,ul1ra.wam,5pqqy.wam,2
1373,11zau.wam,lpxra.wam,2
1374,1qeb.wam,k5kro.wam,2
1375,gtwr4.wam,rneb.wam,2
1376,11zau.wam,sfcrc.wam,2
1377,shybi.wam,q3eay.wam,2
1378,hn2b.wam,dtfb4.wam,2
1379,udzbc.wam,5nrau.wam,2
1380,swbaw.wam,v4sro.wam,2
1381,l5mam.wam,.flbe.wam,2
1382,l5mam.wam,tjdau.wam,2
1383,bubblegum.gm,pkvb2.wam,2
1384,.uqre.wam,lrtr2.wam,2
1385,q2fp2.wam,hpvqy.wam,2
1386,qrlqu.wam,rwgb.wam,2
1387,qrlqu.wam,sbqb.wam,2
1388,ynnrc.wam,15rra.wam,2
1389,w1cqw.wam,szgbk.wam,2
1390,io4r2.wam,d5zqy.wam,2
1391,swbaw.wam,cd1ra.wam,2
1392,aztre.wam,ajgqu.wam,2
1393,swbaw.wam,pb5rg.wam,2
1394,bqcb2.wam,xibbm.wam,2
1395,w1gra.wam,.tjbs.wam,2
1396,3cpbs.wam,11gbi.wam,2
1397,5p53o.wam,x5hba.wam,2
1398,5p53o.wam,offr4.wam,2
1399,zcubs.wam,gmdb.wam,2
1400,zcubs.wam,dmuro.wam,2
1401,r.lay.wam,r3db.wam,2
1402,r.lay.wam,pxqne.wam,2
1403,l5mam.wam,cnsqy.wam,2
1404,wbori.wam,ntgbc.wam,2
1405,udzbc.wam,u55qy.wam,2
1406,aw3b.wam,cm1qu.wam,2
1407,5ri4a.wam,yyzb.wam,2
1408,2nlbk.wam,f1pre.wam,2
1409,2nlbk.wam,ykvra.wam,2
1410,tlaaw.wam,gyrb.wam,2
1411,tlaaw.wam,dayb4.wam,2
1412,zy2ba.wam,thirs.wam,2
1413,jrgqu.wam,ltlre.wam,2
1414,t4.rg.wam,1zob.wam,2
1415,edrre.wam,ecvbk.wam,2
1416,edrre.wam,vftb2.wam,2
1417,rvpre.wam,dwqbe.wam,2
1418,wbori.wam,lohr4.wam,2
1419,3b.qu.wam,smibg.wam,2
1420,rc1b4.wam,ckab.wam,2
1421,hfsr.wam,wqvrq.wam,2
1422,hh2qw.wam,l1xb4.wam,2
1423,m3cb4.wam,yznbe.wam,2
1424,m3cb4.wam,jcd.o.wam,2
1425,m3cb4.wam,dwlb2.wam,2
1426,.14b2.wam,plobq.wam,2
1427,.14b2.wam,scpr.wam,2
1428,.14b2.wam,ewsrs.wam,2
1429,r.lay.wam,rttr4.wam,2
1430,r.lay.wam,wqhb.wam,2
1431,r.lay.wam,mufr.wam,2
1432,potra.wam,bobrg.wam,2
1433,j1caw.wam,hjxb4.wam,2
1434,j1caw.wam,le.bq.wam,2
1435,j1caw.wam,jdtbo.wam,2
1436,j1caw.wam,wdab4.wam,2
1437,j1caw.wam,sorr.wam,2
1438,humqk.wam,rmdrm.wam,2
1439,humqk.wam,ym1bg.wam,2
1440,humqk.wam,fyeb.wam,2
1441,qjlka.wam,j4pb4.wam,2
1442,om.r2.wam,myarm.wam,2
1443,qv.re.wam,pcibg.wam,2
1444,r.lay.wam,jwoay.wam,2
1445,qv.re.wam,dbxb.wam,2
1446,yxlri.wam,.n3b.wam,2
1447,qv.re.wam,1mkre.wam,2
1448,kbar.wam,yhkqa.wam,2
1449,kbar.wam,tp5kq.wam,2
1450,kbar.wam,wttb4.wam,2
1451,t52r.wam,3mvre.wam,2
1452,t52r.wam,omxro.wam,2
1453,t52r.wam,wppri.wam,2
1454,a1kre.wam,4.hay.wam,2
1455,wlrbe.wam,fzzbi.wam,2
1456,yzb14.wam,hebra.wam,2
1457,ltvqu.wam,znpoc.wam,2
1458,ltvqu.wam,vhkbs.wam,2
1459,r.lay.wam,3hlbe.wam,2
1460,r.lay.wam,qyvbk.wam,2
1461,5d.bo.wam,svsau.wam,2
1462,dsxbg.wam,d3pba.wam,2
1463,sl.r.wam,1hiay.wam,2
1464,sl.r.wam,ld.bg.wam,2
1465,charazyworld,21xaq.wam,2
1466,21ubc.wam,mtkr4.wam,2
1467,21ubc.wam,adibm.wam,2
1468,21ubc.wam,d3cqu.wam,2
1469,y3bre.wam,4oirk.wam,2
1470,wmnmu.wam,umgr4.wam,2
1471,snsau.wam,bb1rk.wam,2
1472,snsau.wam,wz.b.wam,2
1473,m2vb4.wam,3mdb2.wam,2
1474,m2vb4.wam,q4pr4.wam,2
1475,o4sbs.wam,kdsrm.wam,2
1476,o4sbs.wam,bjray.wam,2
1477,o4sbs.wam,pzabk.wam,2
1478,ltvqu.wam,l21r2.wam,2
1479,ltvqu.wam,rocqy.wam,2
1480,cxrb4.wam,5rkbi.wam,2
1481,jackflaherty,ksvra.wam,2
1482,rzuau.wam,unsmashednft,2
1483,lppai.wam,ytiay.wam,2
1484,1qyrc.wam,cauai.wam,2
1485,kd4b.wam,533rq.wam,2
1486,kd4b.wam,ggvba.wam,2
1487,xisk2.wam,md4qy.wam,2
1488,c2dbc.wam,slhbo.wam,2
1489,2oxb.wam,4zuau.wam,2
1490,lppai.wam,xdjay.wam,2
1491,zi3rg.wam,mc.bg.wam,2
1492,lppai.wam,ec.ba.wam,2
1493,lppai.wam,nhar.wam,2
1494,lppai.wam,4nzr2.wam,2
1495,lppai.wam,32vro.wam,2
1496,4bdau.wam,s.gqy.wam,2
1497,1ilqw.wam,ei3re.wam,2
1498,1ilqw.wam,fkkrq.wam,2
1499,1ilqw.wam,tlsba.wam,2
1500,vnjb.wam,n1zrm.wam,2
1501,vnjb.wam,adtr2.wam,2
1502,vnjb.wam,mtqrg.wam,2
1503,vnjb.wam,e4vqs.wam,2
1504,xcsb2.wam,e2fre.wam,2
1505,qenbm.wam,smub4.wam,2
1506,wikbg.wam,ervb2.wam,2
1507,1m5ba.wam,34vr4.wam,2
1508,hhdo2.wam,1pvqu.wam,2
1509,hhdo2.wam,kz3r4.wam,2
1510,zyer4.wam,2vir.wam,2
1511,zyer4.wam,2.bbo.wam,2
1512,atqre.wam,bx4re.wam,2
1513,atqre.wam,usonw.wam,2
1514,atqre.wam,2csra.wam,2
1515,atqre.wam,.mcl2.wam,2
1516,atqre.wam,s5kb4.wam,2
1517,ehlba.wam,2doay.wam,2
1518,ehlba.wam,p5abm.wam,2
1519,ehlba.wam,uwvra.wam,2
1520,tusay.wam.ax,cnc44.wam,2
1521,5fvr.wam,2twaw.wam,2
1522,5fvr.wam,qzeas.wam,2
1523,5fvr.wam,mwsba.wam,2
1524,jn.ro.wam,2rabe.wam,2
1525,wjvbe.wam,4ogaw.wam,2
1526,4bdau.wam,bezbk.wam,2
1527,ftar.wam,3ouay.wam,2
1528,u5jqy.wam,ncebm.wam,2
1529,u5jqy.wam,xgwb2.wam,2
1530,u5jqy.wam,5b5b2.wam,2
1531,isuqy.wam,hnkr.wam,2
1532,exe2i.wam,2gpbk.wam,2
1533,exe2i.wam,kwdqw.wam,2
1534,zyer4.wam,c4dqw.wam,2
1535,1m5ba.wam,4v.bi.wam,2
1536,qenbm.wam,xadr.wam,2
1537,.ngaw.wam,5zkaw.wam,2
1538,hn2b.wam,evsau.wam,2
1539,c4obk.wam,fs1be.wam,2
1540,c4obk.wam,nqsbo.wam,2
1541,jddqw.wam,m3fau.wam,2
1542,jddqw.wam,hz.ay.wam,2
1543,y1mrs.wam,xpsri.wam,2
1544,5zjbo.wam,yvgbg.wam,2
1545,cjdqu.wam,xxoro.wam,2
1546,cjdqu.wam,rzbbo.wam,2
1547,cjdqu.wam,4lrre.wam,2
1548,cjdqu.wam,1bgbq.wam,2
1549,a1hri.wam,5ijr.wam,2
1550,cvtau.wam,dmzr.wam,2
1551,dljri.wam,yrlbi.wam,2
1552,hn2b.wam,hvbr4.wam,2
1553,hn2b.wam,vtfra.wam,2
1554,hn2b.wam,bkvro.wam,2
1555,hn2b.wam,v3bbg.wam,2
1556,hn2b.wam,cb4re.wam,2
1557,dljri.wam,nzaro.wam,2
1558,dljri.wam,dverq.wam,2
1559,dljri.wam,vm5ay.wam,2
1560,hn2b.wam,4surk.wam,2
1561,b3kre.wam,cvpau.wam,2
1562,sz1re.wam,f13rq.wam,2
1563,p2jbg.wam,iilbs.wam,2
1564,vfdbq.wam,klfrq.wam,2
1565,hn2b.wam,jacobdegromz,2
1566,plbb.wam,.hsas.wam,2
1567,tu4ay.wam,u3eau.wam,2
1568,tu4ay.wam,gm3donjtgage,2
1569,tu4ay.wam,byprc.wam,2
1570,eosbarcelona,f34q2.wam,2
1571,tu4ay.wam,jckqm.wam,2
1572,5hcba.wam,rqor.wam,2
1573,fmtb4.wam,ad.rq.wam,2
1574,.ngaw.wam,bfcr4.wam,2
1575,ht5bs.wam,.dpri.wam,2
1576,b3eb.wam,di3b2.wam,2
1577,sr5r.wam,icxbg.wam,2
1578,sr5r.wam,lcfr.wam,2
1579,5ecr.wam,ao4r2.wam,2
1580,sxcba.wam,ob4bk.wam,2
1581,sxcba.wam,q55b.wam,2
1582,kjdau.wam,q1pbs.wam,2
1583,shsbo.wam,churg.wam,2
1584,kjdau.wam,tieb.wam,2
1585,lotay.wam,imgrg.wam,2
1586,sr5r.wam,unxbi.wam,2
1587,upabq.wam,4uzau.wam,2
1588,drnre.wam,gteay.wam,2
1589,atqre.wam,lt4r4.wam,2
1590,4bdau.wam,ubpre.wam,2
1591,1ryb.wam,hkob4.wam,2
1592,v2tb2.wam,teera.wam,2
1593,px1r.wam,s2sr.wam,2
1594,px1r.wam,z4a3u.wam,2
1595,ydtqu.wam,oqzr.wam,2
1596,ruebk.wam,xh3rs.wam,2
1597,s3hau.wam,2wtr.wam,2
1598,s3hau.wam,reproton1313,2
1599,djfbo.wam,ufeb.wam,2
1600,djfbo.wam,1gdqw.wam,2
1601,1g.bm.wam,qvf4a.wam,2
1602,uddbi.wam,pbxay.wam,2
1603,ofeau.wam,m3urk.wam,2
1604,qezbc.wam,1ydr.wam,2
1605,wxqbg.wam,5.hr4.wam,2
1606,k.4rg.wam,kxrbi.wam,2
1607,4bdau.wam,bnybq.wam,2
1608,byxr4.wam,wvvb.wam,2
1609,byxr4.wam,j3fbo.wam,2
1610,.fpbe.wam,nkir2.wam,2
1611,.fpbe.wam,1gbr4.wam,2
1612,jbeau.wam,13jro.wam,2
1613,jbeau.wam,wgdbg.wam,2
1614,4bdau.wam,xkcr2.wam,2
1615,jbeau.wam,qwubi.wam,2
1616,15ebo.wam,syrbg.wam,2
1617,n1drq.wam,waxdegerson2,2
1618,essri.wam,qjjqu.wam,2
1619,a.uqw.wam,fyyb4.wam,2
1620,a.uqw.wam,hrdqw.wam,2
1621,pknr.wam,2ppbe.wam,2
1622,4x.qi.wam,mxzbk.wam,2
1623,4x.qi.wam,ocobi.wam,2
1624,pdobq.wam,hkka4.wam,2
1625,jeaqw.wam,nture.wam,2
1626,zhuay.wam,qg.qw.wam,2
1627,vfebs.wam,v4hrs.wam,2
1628,r2bak.wam,ssoqw.wam,2
1629,jackflaherty,3c1rk.wam,2
1630,jackflaherty,ocaqw.wam,2
1631,jackflaherty,wgab2.wam,2
1632,4k2b2.wam,n3gb4.wam,2
1633,4k2b2.wam,gckr2.wam,2
1634,11.gm,fzfr4.wam,2
1635,wamr4.wam,lpprs.wam,2
1636,evgr.wam,rbhbe.wam,2
1637,y1yaw.wam,qqlr4.wam,2
1638,3wkbg.wam,raupg.wam,2
1639,y1yaw.wam,olybo.wam,2
1640,y1yaw.wam,sjub.wam,2
1641,y1yaw.wam,tasri.wam,2
1642,3cjr4.wam,mpxrg.wam,2
1643,a.uqw.wam,th1bs.wam,2
1644,15ebo.wam,ftowncryptos,2
1645,3kib4.wam,omvbe.wam,2
1646,waxcardstore,4ycre.wam,2
1647,2cvba.wam,rkhb4.wam,2
1648,rmdb.wam,qwhrs.wam,2
1649,rmdb.wam,ebzb.wam,2
1650,fy2ra.wam,gyor4.wam,2
1651,fy2ra.wam,srqb.wam,2
1652,mueaw.wam,at3rs.wam,2
1653,mueaw.wam,mxxb4.wam,2
1654,mueaw.wam,iiyb.wam,2
1655,mueaw.wam,ccnbs.wam,2
1656,mueaw.wam,cfmbe.wam,2
1657,mueaw.wam,hmsbc.wam,2
1658,mueaw.wam,adpb4.wam,2
1659,mueaw.wam,qdgbq.wam,2
1660,mueaw.wam,4plr2.wam,2
1661,r1zr4.wam,wnoaw.wam,2
1662,r1zr4.wam,hjcb4.wam,2
1663,r1zr4.wam,qwbr4.wam,2
1664,n1xri.wam,erub4.wam,2
1665,qjtb2.wam,gqbre.wam,2
1666,svrba.wam,ttnpy.wam,2
1667,svrba.wam,phxqy.wam,2
1668,svrba.wam,x1rba.wam,2
1669,aunb.wam,zg3a.wam,2
1670,nu1bo.wam,fsnlc.wam,2
1671,rmdb.wam,yivbe.wam,2
1672,2cvba.wam,bj3re.wam,2
1673,4bdau.wam,rywaq.wam,2
1674,2cvba.wam,4l.r4.wam,2
1675,4bdau.wam,s2jbc.wam,2
1676,ecaba.wam,oaqbk.wam,2
1677,5cpr4.wam,fubkg.wam,2
1678,e1ore.wam,luiscastillo,2
1679,1nfqw.wam,v2ib.wam,2
1680,zm3qu.wam,cuxb4.wam,2
1681,zm3qu.wam,w5yau.wam,2
1682,4bdau.wam,zstra.wam,2
1683,zm3qu.wam,wjir2.wam,2
1684,zm3qu.wam,wgkb.wam,2
1685,4ohmi.wam,pu4bk.wam,2
1686,4bdau.wam,cbiqm.wam,2
1687,4bdau.wam,drvbe.wam,2
1688,4ohmi.wam,xiyro.wam,2
1689,4ohmi.wam,ehab4.wam,2
1690,4ohmi.wam,zahbg.wam,2
1691,4ohmi.wam,osf3y.wam,2
1692,4bdau.wam,rytre.wam,2
1693,4ohmi.wam,e3lqy.wam,2
1694,4ohmi.wam,qvdre.wam,2
1695,4ohmi.wam,yenpw.wam,2
1696,4ohmi.wam,4yur.wam,2
1697,4ohmi.wam,op1r.wam,2
1698,.34re.wam,dkgaq.wam,2
1699,rzcqu.wam,hufb.wam,2
1700,w125m.wam,uvmri.wam,2
1701,iy1bi.wam,scir4.wam,2
1702,nptb4.wam,bh4ay.wam,2
1703,ipray.wam,qnfqu.wam,2
1704,1fu2k.wam,yqib2.wam,2
1705,35vre.wam,hafo4.wam,2
1706,25ar4.wam,oybre.wam,2
1707,lb1r4.wam,t1jrg.wam,2
1708,slwqy.wam,whitmanesley,2
1709,hg3b4.wam,zf.be.wam,2
1710,mdrqy.wam,zqhrq.wam,2
1711,bigkaratekid,pv4bg.wam,2
1712,li3ba.wam,1k5bi.wam,2
1713,wenmoonadmin,2gdr.wam,2
1714,wenmoonadmin,4bvr.wam,2
1715,3ouay.wam,vt.rs.wam,2
1716,dayb4.wam,5vrr.wam,2
1717,jcd.o.wam,5f.rw.wam,2
1718,ewsrs.wam,wa1bg.wam,2
1719,ajgqu.wam,5krrc.wam,2
1720,pkvb2.wam,helb2.wam,2
1721,h4jqy.wam,3we2e.wam,2
1722,h4jqy.wam,g.wbm.wam,2
1723,rttr4.wam,o2cri.wam,2
1724,svsau.wam,fyrlo.wam,2
1725,3mdb2.wam,oqbra.wam,2
1726,kdsrm.wam,uvmb4.wam,2
1727,o5f1q.wam,y.daw.wam,2
1728,.m1re.wam,mitay.wam,2
1729,uqgrg.wam,havou.wam,2
1730,bfraw.wam,5otrq.wam,2
1731,em5rg.wam,qj.ri.wam,2
1732,5dprm.wam,4qmay.wam,2
1733,juaqi.wam,5dprm.wam,2
1734,juaqi.wam,waor4.wam,2
1735,yzrb.wam,254r2.wam,2
1736,jz5bq.wam,vprqy.wam,2
1737,qnfqu.wam,.ebqw.wam,2
1738,qnfqu.wam,zg3qy.wam,2
1739,zf.be.wam,ef342.wam,2
1740,cmcba.wam,hcjba.wam,2
1741,bfraw.wam,1thbu.wam,2
1742,xxhrc.wam,la2re.wam,2
1743,kldbq.wam,bckb.wam,2
1744,2x3rq.wam,3dirg.wam,2
1745,2x3rq.wam,mcsay.wam,2
1746,xjdbq.wam,k5lri.wam,2
1747,x14qi.wam,yzrb.wam,2
1748,x14qi.wam,jz5bq.wam,2
1749,x14qi.wam,ij.rq.wam,2
1750,tcqaw.wam,v3crq.wam,2
1751,43gaw.wam,ee1qm.wam,2
1752,2ahr.wam,gmkaq.wam,2
1753,djhqu.wam,q2kb4.wam,2
1754,kldbq.wam,bwurq.wam,2
1755,l21r2.wam,flnbs.wam,2
1756,hebra.wam,mm4b4.wam,2
1757,wdab4.wam,perrylllllll,2
1758,srqb.wam,caaqw.wam,2
1759,luiscastillo,gtday.wam,2
1760,luiscastillo,thhr4.wam,2
1761,w5yau.wam,xjdbq.wam,2
1762,wgkb.wam,at.aw.wam,2
1763,ehab4.wam,kglqq.wam,2
1764,ehab4.wam,e5.bg.wam,2
1765,osf3y.wam,.agb.wam,2
1766,e3lqy.wam,qakb.wam,2
1767,4l.r4.wam,x14qi.wam,2
1768,yivbe.wam,3drau.wam,2
1769,yivbe.wam,.yabq.wam,2
1770,w4hrc.wam,.o4bk.wam,2
1771,oaqbk.wam,lkvbs.wam,2
1772,un2b.wam,kw1bi.wam,2
1773,ttnpy.wam,hcjbo.wam,2
1774,p5abm.wam,zvyre.wam,2
1775,mwsba.wam,aswrc.wam,2
1776,mwsba.wam,tcqaw.wam,2
1777,4ogaw.wam,mwlr2.wam,2
1778,ncebm.wam,3slra.wam,2
1779,5b5b2.wam,hynrg.wam,2
1780,hnkr.wam,jm1ay.wam,2
1781,2gpbk.wam,whiri.wam,2
1782,ervb2.wam,1ygr.wam,2
1783,oaqbk.wam,zv2qy.wam,2
1784,nkir2.wam,pvir.wam,2
1785,wdab4.wam,zuvbq.wam,2
1786,hckaw.wam,1fmb4.wam,2
1787,sorr.wam,ya3re.wam,2
1788,bobrg.wam,4tab4.wam,2
1789,tp5kq.wam,tsabg.wam,2
1790,3mvre.wam,5czbk.wam,2
1791,omxro.wam,35zba.wam,2
1792,1dhaq.wam,ut.bg.wam,2
1793,1dhaq.wam,1gcb.wam,2
1794,1dhaq.wam,cabra.wam,2
1795,pr4qo.wam,ww3r.wam,2
1796,icxay.wam,cmcba.wam,2
1797,hckaw.wam,kd2b.wam,2
1798,hckaw.wam,pyqr4.wam,2
1799,1gdqw.wam,srzr.wam,2
1800,hckaw.wam,bfraw.wam,2
1801,fhlqw.wam,nrhlc.wam,2
1802,nqfbg.wam,rbire.wam,2
1803,y3.b.wam,ujsbe.wam,2
1804,yl.aw.wam,azob4.wam,2
1805,yl.aw.wam,.fzqy.wam,2
1806,hr1ri.wam,xzzre.wam,2
1807,yvvau.wam,.ttaw.wam,2
1808,mxzbk.wam,3r3re.wam,2
1809,ocaqw.wam,xxhrc.wam,2
1810,wgab2.wam,marcellozuna,2
1811,e4prg.wam,2rlaq.wam,2
1812,iy1bi.wam,o.zay.wam,2
1813,w125m.wam,bx3bo.wam,2
1814,5erbg.wam,5dyre.wam,2
1815,chkba.wam,vbori.wam,2
1816,ql.ra.wam,2bgre.wam,2
1817,5gib4.wam,rtlr4.wam,2
1818,wsrrc.wam,5gib4.wam,2
1819,m.nqw.wam,2lzrs.wam,2
1820,jauqw.wam,sfvba.wam,2
1821,aoorq.wam,r2.rq.wam,2
1822,tc1ri.wam,yz412.wam,2
1823,3heb2.wam,ffeaw.wam,2
1824,gerwaxwallet,zofr.wam,2
1825,yoib4.wam,djbqw.wam,2
1826,jzdqu.wam,3jdqu.wam,2
1827,vkorg.wam,jzdqu.wam,2
1828,ia3ba.wam,dnsb2.wam,2
1829,t2ob2.wam,sukr2.wam,2
1830,brs2a.wam,5ktqw.wam,2
1831,uzqnu.wam,1nobe.wam,2
1832,ar5bi.wam,uzqnu.wam,2
1833,yfmr.wam,5.jmm.wam,2
1834,tdqrs.wam,swlbi.wam,2
1835,tdqrs.wam,3kkqy.wam,2
1836,q1obs.wam,b.nbe.wam,2
1837,xzir4.wam,wosra.wam,2
1838,fqnbg.wam,xzir4.wam,2
1839,2usrg.wam,te.rc.wam,2
1840,rjeqw.wam,wubalubbadub,2
1841,.wura.wam,5g4r2.wam,2
1842,okxbi.wam,cu.re.wam,2
1843,guzdmnrrgmge,pzirq.wam,2
1844,ovrr.wam,..cre.wam,2
1845,f4vb4.wam,idibs.wam,2
1846,jycre.wam,xhubi.wam,2
1847,ltjrq.wam,1tori.wam,2
1848,mwzbq.wam,2nlau.wam,2
1849,zcvbs.wam,czqr.wam,2
1850,fupra.wam,c.4r.wam,2
1851,3x.r4.wam,pjwbo.wam,2
1852,ltcbs.wam,3x.r4.wam,2
1853,ikkpa.wam,gzbaw.wam,2
1854,ivfro.wam,lhqbs.wam,2
1855,s2ube.wam,sx5qy.wam,2
1856,lx1b.wam,fzub.wam,2
1857,tug5s.wam,n22.4.wam,2
1858,nm4ba.wam,ea4r.wam,2
1859,xdure.wam,.aubk.wam,2
1860,vbbr.wam,moneyjunior1,2
1861,jicba.wam,hy4b2.wam,2
1862,ivtr2.wam,zs5r.wam,2
1863,cxpbe.wam,.wcro.wam,2
1864,g.wrq.wam,ysyr.wam,2
1865,f55rs.wam,vgvaw.wam,2
1866,3ljl.wam,553b2.wam,2
1867,mi2rk.wam,2m3b2.wam,2
1868,exwri.wam,2usrg.wam,2
1869,nkz5c.wam,wklbg.wam,2
1870,nkz5c.wam,yzir.wam,2
1871,ivobe.wam,bolrs.wam,2
1872,t1urk.wam,s4.ri.wam,2
1873,4mabg.wam,44.r2.wam,2
1874,njrqw.wam,5lpbe.wam,2
1875,m2xb4.wam,cahbg.wam,2
1876,4bjre.wam,f4vr.wam,2
1877,justinturner,jtub2.wam,2
1878,ozkbg.wam,sswba.wam,2
1879,1aark.wam,sgyba.wam,2
1880,lmraw.wam,1prbe.wam,2
1881,qdobe.wam,5rere.wam,2
1882,ivobe.wam,xhvbe.wam,2
1883,5mjbo.wam,apfrs.wam,2
1884,tbtb2.wam,eowb.wam,2
1885,5mjbo.wam,r5kpq.wam,2
1886,3kzak.wam,lrlb2.wam,2
1887,okzr4.wam,nblre.wam,2
1888,e2rrg.wam,fbjr.wam,2
1889,ruzay.wam,wa3aw.waa,2
1890,ekqaw.wam,fguba.wam,2
1891,g5tbo.wam,bg5b2.wam,2
1892,y.wam,vlkbo.wam,2
1893,hffqi.waa,koubc.wam,2
1894,a2vbc.wam,43cqy.wam,2
1895,wakeupjohnny,kbbaw.wam,2
1896,s4.ri.wam,c4mbm.wam,2
1897,ouoba.wam,2c2be.wam,2
1898,lveb4.wam,v.zbo.wam,2
1899,pvjbo.wam,zou12.wam,2
1900,hful4.wam,htnrc.wam,2
1901,carloscorrea,caure.wam,2
1902,eoubk.wam,5f2b.wam,2
1903,ofzqu.wam,mavbg.wam,2
1904,in5bo.wam,eofbq.wam,2
1905,yl.rs.wam,in5bo.wam,2
1906,yl.rs.wam,3nlrq.wam,2
1907,ruk12.wam,otmay.wam,2
1908,4fxrq.wam,.vxqu.wam,2
1909,johbg.wam,ce.be.wam,2
1910,zou12.wam,rjwas.wam,2
1911,qd.rs.wam,xihqw.wam,2
1912,k2vbe.wam,qfuay.wam,2
1913,2lmrs.wam,ullre.wam,2
1914,pxkay.wam,b2kbo.wam,2
1915,prbrg.wam,uairk.wam,2
1916,zg1bg.wam,safb.wam,2
1917,tkzoc.wam,a4hrs.wam,2
1918,5vcrc.wam,rdlro.wam,2
1919,5vcrc.wam,uigrq.wam,2
1920,qw.ra.wam,1ggbs.wam,2
1921,q32rg.wam,3qmay.wam,2
1922,f3ray.wam,2n2bi.wam,2
1923,f3ray.wam,hknr4.wam,2
1924,.hsas.wam,l3vqi.wam,2
1925,.hsas.wam,43gaw.wam,2
1926,.hsas.wam,star.wam,2
1927,byprc.wam,q2eag.wam,2
1928,yhmro.wam,tqpb.wam,2
1929,xtobe.wam,olvre.wam,2
1930,3mvr.wam,yjiro.wam,2
1931,5k5bk.wam,ocrqw.wam,2
1932,c4cbi.wam,vzvrm.wam,2
1933,piur2.wam,o.br.wam,2
1934,piur2.wam,5oxr2.wam,2
1935,dsfbg.wam,35vre.wam,2
1936,s3kr4.wam,vf4b4.wam,2
1937,acgb2.wam,nzqb.wam,2
1938,nixba.wam,1nlre.wam,2
1939,tvcqu.wam,xlkbg.wam,2
1940,tvcqu.wam,rl2rs.wam,2
1941,tvcqu.wam,qpsrq.wam,2
1942,izrb.wam,phrbs.wam,2
1943,21tr4.wam,25ar4.wam,2
1944,m55bq.wam,groguthejedi,2
1945,kkiqw.wam,jvpbo.wam,2
1946,ilcba.wam,etcqw.wam,2
1947,no2ba.wam,idibg.wam,2
1948,2mtaq.wam,ivyay.wam,2
1949,2mtaq.wam,1l4b.wam,2
1950,lv3be.wam,.xgrc.wam,2
1951,lv3be.wam,3xsba.wam,2
1952,lv3be.wam,1f5qw.wam,2
1953,mxrr2.wam,q.arg.wam,2
1954,xczaw.wam,reybe.wam,2
1955,tmzb.wam,5kvbm.wam,2
1956,odxro.wam,1p1be.wam,2
1957,1puqy.wam,kbjb4.wam,2
1958,2dbaw.wam,hfabo.wam,2
1959,2dbaw.wam,nfxri.wam,2
1960,rioay.wam,zbvr4.wam,2
1961,hgtlc.wam,nt.ri.wam,2
1962,h5sba.wam,xz1rm.wam,2
1963,h5sba.wam,vojbk.wam,2
1964,h5sba.wam,lknr2.wam,2
1965,h5sba.wam,fmmr.wam,2
1966,h5sba.wam,omcr.wam,2
1967,h5sba.wam,zbsau.wam,2
1968,sfib.wam,ipray.wam,2
1969,tmzb.wam,yn3ro.wam,2
1970,sfib.wam,s2cb.wam,2
1971,xccqw.wam,i4hr4.wam,2
1972,mcdb2.wam,5iurc.wam,2
1973,mcdb2.wam,rulr4.wam,2
1974,mywre.wam,3hray.wam,2
1975,epkaq.wam,5.uro.wam,2
1976,ah2r2.wam,33qra.wam,2
1977,1pjbk.wam,1csba.wam,2
1978,iakrk.wam,.cvri.wam,2
1979,oywb2.wam,4nvqy.wam,2
1980,1rtre.wam,1jrb.wam,2
1981,vnoqk.wam,lb1r4.wam,2
1982,vnoqk.wam,2nbr.wam,2
1983,vnoqk.wam,qz3mw.wam,2
1984,unsmashedmkt,ifhbo.wam,2
1985,wlmrc.wam,hfraw.wam,2
1986,ytrqy.wam,zsnrs.wam,2
1987,horb4.wam,swfay.wam,2
1988,binba.wam,pbjbe.wam,2
1989,hjlqw.wam,mdrqy.wam,2
1990,zd2bg.wam,.pwbg.wam,2
1991,ekflo.wam,j1xb4.wam,2
1992,ekflo.wam,kokps.wam,2
1993,rneau.wam,gxvre.wam,2
1994,unsmashedmkt,bigkaratekid,2
1995,unsmashedmkt,mm3r4.wam,2
1996,unsmashedmkt,txyaw.wam,2
1997,o1ib4.wam,m3.b4.wam,2
1998,twyoq.wam,tvdrg.wam,2
1999,twyoq.wam,s1zra.wam,2
2000,modbs.wam,li3ba.wam,2
2001,bxfr.wam,wenmoonadmin,2
2002,svcr.wam,slr2a.wam,2
2003,svcr.wam,gk3bk.wam,2
2004,zdrb2.wam,rz5b4.wam,2
2005,w125m.wam,qsvro.wam,2
2006,w125m.wam,gsmrs.wam,2
2007,w125m.wam,gglb4.wam,2
2008,w125m.wam,wstba.wam,2
2009,o1ib4.wam,1bdqcwivf.gm,2
2010,eb1qy.wam,svo5y.wam,2
2011,vnoqk.wam,x5eb4.wam,2
2012,arore.wam,ml3bs.wam,2
2013,vnoqk.wam,mvfba.wam,2
2014,ubwr.wam,sjnbe.wam,2
2015,onequ.wam,4fhbo.wam,2
2016,onequ.wam,.ogrk.wam,2
2017,cazqy.wam,waxatomicnft,2
2018,cazqy.wam,sxnbc.wam,2
2019,cazqy.wam,slwqy.wam,2
2020,cazqy.wam,n5eay.wam,2
2021,cazqy.wam,hk5bg.wam,2
2022,arore.wam,yyzr.wam,2
2023,arore.wam,jxfrs.wam,2
2024,arore.wam,jtuba.wam,2
2025,in2aw.wam,nipr2.wam,2
2026,arore.wam,hg3b4.wam,2
2027,kfpr2.wam,q24bq.wam,2
2028,kfpr2.wam,xhsqy.wam,2
2029,yjd4e.wam,r23r.wam,2
2030,uiure.wam,43sr2.wam,2
2031,hfzqw.wam,wah2q.wam,2
2032,rdqqy.wam,4dgrg.wam,2
2033,yfjr2.wam,dxnre.wam,2
2034,yfjr2.wam,xhcbe.wam,2
2035,mogrg.wam,vqora.wam,2
2036,in2aw.wam,m5iri.wam,2
2037,sezra.wam,cu5b.wam,2
2038,qlir2.wam,yys1u.wam,2
2039,ngxbg.wam,gfrb.wam,2
2040,advr2.wam,bgaq.wam,2
2041,ffmre.wam,eg1r2.wam,2
2042,1f1r4.wam,argb.wam,2
2043,jjlb.wam,hg2b2.wam,2
2044,ulwb2.wam,wluau.wam,2
2045,xudr.wam,nu5ay.wam,2
2046,2lobe.wam,vv5ri.wam,2
2047,2lobe.wam,k3iaw.wam,2
2048,siabi.wam,i.el2.wam,2
2049,siabi.wam,bcubg.wam,2
2050,4kjay.wam,a3ire.wam,2
2051,khobe.wam,eyhre.wam,2
2052,xisra.wam,uetb2.wam,2
2053,decqy.wam,1tdba.wam,2
2054,xisra.wam,ilaaw.wam,2
2055,matthew.za,kldbq.wam,2
2056,rvkmq.wam,bananominers,2
2057,pndqu.wam,tvvb4.wam,2
2058,bi1rk.wam,beure.wam,2
2059,oxubm.wam,lpoqy.wam,2
2060,ulpnm.wam,vrrbe.wam,2
2061,ulpnm.wam,gcjbo.wam,2
2062,ulpnm.wam,r4fbi.wam,2
2063,sahqy.wam,e4tr2.wam,2
2064,xfqb.wam,kz5r4.wam,2
2065,decqy.wam,waxhodlerdan,2
2066,2deqw.wam,xnabo.wam,2
2067,yttrg.wam,lo.q.wam,2
2068,vm5ay.wam,gqjms.wam,2
2069,jckqm.wam,fzaro.wam,2
2070,jckqm.wam,p3equ.wam,2
2071,di3b2.wam,2ahr.wam,2
2072,di3b2.wam,ll5bo.wam,2
2073,iilbs.wam,slrre.wam,2
2074,fs1be.wam,qvjre.wam,2
2075,m3fau.wam,2a5b.wam,2
2076,m3fau.wam,ccgba.wam,2
2077,hz.ay.wam,rboaw.wam,2
2078,dmzr.wam,djhqu.wam,2
2079,dmzr.wam,kzbrs.wam,2
2080,hvbr4.wam,r4nr2.wam,2
2081,2deqw.wam,.jaro.wam,2
2082,evsau.wam,r1xre.wam,2
2083,4uzau.wam,lgybi.wam,2
2084,bfcr4.wam,lxpbe.wam,2
2085,smub4.wam,pbsr2.wam,2
2086,pn1rg.wam,5a.r4.wam,2
2087,t3ob.wam,n3gre.wam,2
2088,t3ob.wam,.kari.wam,2
2089,ldaqy.wam,ifvb4.wam,2
2090,dpaqw.wam,zbdqu.wam,2
2091,2deqw.wam,24irg.wam,2
2092,2deqw.wam,453bs.wam,2
2093,xfqb.wam,3mlq.wam,2
2094,cmrbe.wam,3.1ao.wam,2
2095,34ibe.wam,3f3bk.wam,2
2096,dnhqi.wam,y1a2q.wam,2
2097,eb5bq.wam,en4b4.wam,2
2098,eb5bq.wam,jwhb.wam,2
2099,pljrg.wam,zpmbe.wam,2
2100,ccqrk.wam,nohre.wam,2
2101,ccqrk.wam,j4oaw.wam,2
2102,5phb2.wam,rder2.wam,2
2103,uknr2.wam,es5b.wam,2
2104,4rfqu.wam,o5f1q.wam,2
2105,w1lbs.wam,5qob.wam,2
2106,l.dqy.wam,rglbk.wam,2
2107,aygb.wam,1hlre.wam,2
2108,dnhqi.wam,rtzbc.wam,2
2109,ndiba.wam,nbtr.wam,2
2110,lmmra.wam,txnr4.wam,2
2111,qqyay.wam,311rs.wam,2
2112,fbdqu.wam,4biqm.wam,2
2113,fmyba.wam,gpfay.wam,2
2114,xpybi.wam,adyaq.wam,2
2115,rzcqu.wam,kkvb.wam,2
2116,rzcqu.wam,h3tb.wam,2
2117,rahba.wam,wbgbe.wam,2
2118,gatre.wam,zzfqw.wam,2
2119,gatre.wam,nptb4.wam,2
2120,eodr4.wam,2ssbe.wam,2
2121,kdoqy.wam,g2xbo.wam,2
2122,jzmqw.wam,eqzbe.wam,2
2123,cmrbe.wam,ykxag.wam,2
2124,v5moa.wam,jgzra.wam,2
2125,w.tb2.wam,k3db4.wam,2
2126,rxgaq.wam,masr4.wam,2
2127,l33r2.wam,xdqre.wam,2
2128,l33r2.wam,zjebe.wam,2
2129,krfr.wam,4l5ro.wam,2
2130,42rqy.wam,1xure.wam,2
2131,tx2bg.wam,e4xb.wam,2
2132,ksors.wam,w2nrc.wam,2
2133,azwlw.wam,a5ray.wam,2
2134,s3or4.wam,eq4qy.wam,2
2135,2eybs.wam,uqgrg.wam,2
2136,v5moa.wam,2o2rc.wam,2
2137,jzmqw.wam,jodba.wam,2
2138,a53b4.wam,owcqg.wam,2
2139,1zqr.wam,hxpre.wam,2
2140,1zqr.wam,ibcre.wam,2
2141,pwdqy.wam,xpqb.wam,2
2142,pwdqy.wam,rafaeldevers,2
2143,pwdqy.wam,5lhay.wam,2
2144,im2qy.wam,vx4ay.wam,2
2145,chzrg.wam,235rq.wam,2
2146,dominicsmith,fn5b.wam,2
2147,hi1qy.wam,oecri.wam,2
2148,yz.qy.wam,l5nay.wam,2
2149,oegr2.wam,dvbao.wam,2
2150,lb.rq.wam,v3raw.wam,2
2151,aydaw.wam,t.qr4.wam,2
2152,.xdri.wam,x4lrs.wam,2
2153,5fvbg.wam,n5rb4.wam,2
2154,5fvbg.wam,ccgr2.wam,2
2155,dj4b2.wam,nsprg.wam,2
2156,dj4b2.wam,eaor.wam,2
2157,vb2r.wam,pscqw.wam,2
2158,5e1rs.wam,ah2r2.wam,2
2159,5e1rs.wam,1pjbk.wam,2
2160,5e1rs.wam,v4cbg.wam,2
2161,5e1rs.wam,tqyre.wam,2
2162,5e1rs.wam,caoru.wam,2
2163,5e1rs.wam,ip.rg.wam,2
2164,5e1rs.wam,qkbra.wam,2
2165,5e1rs.wam,xhwaw.wam,2
2166,5e1rs.wam,2sxra.wam,2
2167,5e1rs.wam,nlpqy.wam,2
2168,j2qau.wam,sbykm.wam,2
2169,j2qau.wam,w1frs.wam,2
2170,j2qau.wam,kydbk.wam,2
2171,j2qau.wam,kuyre.wam,2
2172,j2qau.wam,tbxr.wam,2
2173,j2qau.wam,u4lqy.wam,2
2174,j2qau.wam,gqyqy.wam,2
2175,j2qau.wam,adjrs.wam,2
2176,j2qau.wam,spsre.wam,2
2177,j2qau.wam,kcvrg.wam,2
2178,.xdri.wam,fgjrg.wam,2
2179,.xdri.wam,zotbs.wam,2
2180,cotri.wam,empbo.wam,2
2181,.xdri.wam,dhur4.wam,2
2182,v3raw.wam,apsr2.wam,2
2183,p2lb.wam,j.abu.wam,2
2184,p2lb.wam,vhjbo.wam,2
2185,tgrqy.wam,rhvbg.wam,2
2186,tgrqy.wam,l3or.wam,2
2187,tgrqy.wam,mywre.wam,2
2188,jloro.wam,wfdqw.wam,2
2189,jloro.wam,w15rs.wam,2
2190,jloro.wam,1qib.wam,2
2191,jloro.wam,hjkau.wam,2
2192,pufb.wam,qjpr4.wam,2
2193,pufb.wam,uwcrk.wam,2
2194,pufb.wam,ooobg.wam,2
2195,pufb.wam,hj4as.wam,2
2196,3jrrk.wam,qcmqw.wam,2
2197,333b4.wam,epkaq.wam,2
2198,333b4.wam,jfirq.wam,2
2199,333b4.wam,vaybg.wam,2
2200,333b4.wam,tdcbq.wam,2
2201,mv1ri.wam,huor4.wam,2
2202,mv1ri.wam,rssay.wam,2
2203,mv1ri.wam,rxib2.wam,2
2204,mv1ri.wam,4m.b.wam,2
2205,.eer.wam,4ppri.wam,2
2206,.rjb.wam,53sbe.wam,2
2207,j2qau.wam,ky5r.wam,2
2208,j2qau.wam,iakrk.wam,2
2209,j2qau.wam,splbg.wam,2
2210,j2qau.wam,pqhaw.wam,2
2211,lhhqu.wam,.hhri.wam,2
2212,lhhqu.wam,yzdau.wam,2
2213,lhhqu.wam,jvrre.wam,2
2214,lhhqu.wam,5..rg.wam,2
2215,lhhqu.wam,q3haw.wam,2
2216,lhhqu.wam,1koqw.wam,2
2217,abfqu.wam,kerbg.wam,2
2218,abfqu.wam,ks.qw.wam,2
2219,abfqu.wam,1rtre.wam,2
2220,abfqu.wam,x2rr.wam,2
2221,abfqu.wam,xczaw.wam,2
2222,abfqu.wam,mxrr2.wam,2
2223,abfqu.wam,wdwre.wam,2
2224,bo.r2.wam,u4ars.wam,2
2225,bo.r2.wam,scxbe.wam,2
2226,cuer.wam,t.jr2.wam,2
2227,cuer.wam,muyrg.wam,2
2228,zvob.wam,xtobe.wam,2
2229,zvob.wam,faure.wam,2
2230,zvob.wam,3kgro.wam,2
2231,zvob.wam,sgnbs.wam,2
2232,zvob.wam,3mvr.wam,2
2233,zvob.wam,obtre.wam,2
2234,.v.qy.wam,ai45c.wam,2
2235,.v.qy.wam,5k5bk.wam,2
2236,lhhqu.wam,mtobq.wam,2
2237,lhhqu.wam,uppr4.wam,2
2238,lhhqu.wam,lhkbe.wam,2
2239,lhhqu.wam,joiau.wam,2
2240,vrub.wam,oywb2.wam,2
2241,vrub.wam,yxobe.wam,2
2242,vrub.wam,ghrre.wam,2
2243,zzbr4.wam,b3.bo.wam,2
2244,zzbr4.wam,unhbe.wam,2
2245,zzbr4.wam,yi4r.wam,2
2246,susay.wam,cuybe.wam,2
2247,susay.wam,no.rk.wam,2
2248,susay.wam,stzbq.wam,2
2249,susay.wam,pplbs.wam,2
2250,lhhqu.wam,5j3re.wam,2
2251,lhhqu.wam,kv5r4.wam,2
2252,lhhqu.wam,2rmqw.wam,2
2253,lhhqu.wam,begrg.wam,2
2254,lhhqu.wam,52tbg.wam,2
2255,lhhqu.wam,u3qbo.wam,2
2256,lhhqu.wam,vjiqw.wam,2
2257,lhhqu.wam,vmwb4.wam,2
2258,lhhqu.wam,wdsbg.wam,2
2259,lhhqu.wam,fyfrg.wam,2
2260,lhhqu.wam,j.iqw.wam,2
2261,lhhqu.wam,dwvbq.wam,2
2262,lhhqu.wam,n2rbs.wam,2
2263,lhhqu.wam,yszr4.wam,2
2264,cotri.wam,c4jqq.wam,2
2265,cotri.wam,xbdbg.wam,2
2266,35qqy.wam,mters.wam,2
2267,gjcbq.wam,rahba.wam,2
2268,2a2be.wam,iqmb2.wam,2
2269,gufaw.wam,g1nbe.wam,2
2270,bmwr.wam,u5ebq.wam,2
2271,bmwr.wam,htybk.wam,2
2272,bmwr.wam,evar2.wam,2
2273,bmwr.wam,.zgau.wam,2
2274,v1yqu.wam,ctwr.wam,2
2275,v1yqu.wam,kswbq.wam,2
2276,v1yqu.wam,ztlqy.wam,2
2277,v1yqu.wam,d2gbe.wam,2
2278,v1yqu.wam,yn4bg.wam,2
2279,v1yqu.wam,5lvru.wam,2
2280,v1yqu.wam,zfmbk.wam,2
2281,v1yqu.wam,4phrq.wam,2
2282,v1yqu.wam,mfgqw.wam,2
2283,v1yqu.wam,kf2r4.wam,2
2284,v1yqu.wam,oanre.wam,2
2285,v1yqu.wam,14nbg.wam,2
2286,v1yqu.wam,gatre.wam,2
2287,v1yqu.wam,arqbk.wam,2
2288,kstra.wam,331be.wam,2
2289,lqjbi.wam,oybag.wam,2
2290,j3gr.wam,ulzrq.wam,2
2291,j3gr.wam,eodr4.wam,2
2292,j3gr.wam,uj1rg.wam,2
2293,2a2be.wam,cfhbq.wam,2
2294,gjcbq.wam,be3bq.wam,2
2295,cotri.wam,fdkrg.wam,2
2296,gjcbq.wam,xlzbe.wam,2
2297,11pre.wam,ddkrs.wam,2
2298,11pre.wam,erbbm.wam,2
2299,11pre.wam,gcirs.wam,2
2300,11pre.wam,.xtb4.wam,2
2301,ovlaw.wam,atb2e.wam,2
2302,ovlaw.wam,wb2b4.wam,2
2303,ovlaw.wam,xpybi.wam,2
2304,ovlaw.wam,ze.ay.wam,2
2305,tzwba.wam,v.obc.wam,2
2306,tzwba.wam,ieere.wam,2
2307,2dlrs.wam,g5fqw.wam,2
2308,xl3b4.wam,4pebq.wam,2
2309,xl3b4.wam,gppr4.wam,2
2310,rprqy.wam,hmkba.wam,2
2311,rprqy.wam,trpbe.wam,2
2312,rprqy.wam,j2ab2.wam,2
2313,rprqy.wam,ejpr.wam,2
2314,rprqy.wam,lembg.wam,2
2315,rprqy.wam,yskb.wam,2
2316,xwurq.wam,dwpri.wam,2
2317,xwurq.wam,v4ubs.wam,2
2318,xwurq.wam,mlmre.wam,2
2319,xwurq.wam,nptre.wam,2
2320,cb3r2.wam,rzcqu.wam,2
2321,gjcbq.wam,n5gr4.wam,2
2322,yypb.wam,tquqi.wam,2
2323,yypb.wam,.wmbg.wam,2
2324,yypb.wam,g2ob2.wam,2
2325,yypb.wam,m5sbq.wam,2
2326,rxoqy.wam,al2ra.wam,2
2327,rxoqy.wam,sezra.wam,2
2328,rxoqy.wam,3w5ri.wam,2
2329,rxoqy.wam,vyebe.wam,2
2330,rxoqy.wam,pjtbi.wam,2
2331,rxoqy.wam,li5be.wam,2
2332,rxoqy.wam,xypre.wam,2
2333,rxoqy.wam,1puqy.wam,2
2334,rxoqy.wam,2dbaw.wam,2
2335,rxoqy.wam,bdur.wam,2
2336,rxoqy.wam,rioay.wam,2
2337,rxoqy.wam,hgtlc.wam,2
2338,bk1r4.wam,in1ro.wam,2
2339,bk1r4.wam,nvjau.wam,2
2340,bk1r4.wam,u4xro.wam,2
2341,bk1r4.wam,4obl2.wam,2
2342,fxpre.wam,4uab.wam,2
2343,fxpre.wam,2taaw.wam,2
2344,5ywbe.wam,opsbg.wam,2
2345,wkkrm.wam,oxj3a.wam,2
2346,wkkrm.wam,utmqu.wam,2
2347,wkkrm.wam,odxro.wam,2
2348,wkkrm.wam,ru5ay.wam,2
2349,wkkrm.wam,1ejrq.wam,2
2350,cotri.wam,sfib.wam,2
2351,2d.b2.wam,qw3qw.wam,2
2352,2d.b2.wam,xsnrg.wam,2
2353,2d.b2.wam,cdwr2.wam,2
2354,yypb.wam,qeire.wam,2
2355,yypb.wam,b5hbi.wam,2
2356,yypb.wam,pmyre.wam,2
2357,yypb.wam,sfmr4.wam,2
2358,yypb.wam,vxzri.wam,2
2359,yypb.wam,v5hrq.wam,2
2360,yypb.wam,1lqbg.wam,2
2361,yypb.wam,sbdqu.wam,2
2362,yypb.wam,ob3be.wam,2
2363,yypb.wam,34ibe.wam,2
2364,yypb.wam,tujr2.wam,2
2365,yypb.wam,ghxam.wam,2
2366,kudau.wam,e.qrq.wam,2
2367,2d.b2.wam,jxrbe.wam,2
2368,kudau.wam,yxtrq.wam,2
2369,kudau.wam,mrdau.wam,2
2370,kudau.wam,qlir2.wam,2
2371,2d.b2.wam,nu5re.wam,2
2372,2d.b2.wam,lb1re.wam,2
2373,2d.b2.wam,z5nbe.wam,2
2374,2d.b2.wam,yurbg.wam,2
2375,2d.b2.wam,hsubi.wam,2
2376,2d.b2.wam,xlubq.wam,2
2377,2d.b2.wam,.pwre.wam,2
2378,2d.b2.wam,5lbrs.wam,2
2379,.v.qy.wam,kimmg.wam,2
2380,.v.qy.wam,15gb4.wam,2
2381,.v.qy.wam,c4cbi.wam,2
2382,xdtbg.wam,no2ba.wam,2
2383,xdtbg.wam,oqlb.wam,2
2384,kwgr2.wam,qpxrq.wam,2
2385,1wur.wam,or4rg.wam,2
2386,1wur.wam,tqabq.wam,2
2387,1wur.wam,.nkre.wam,2
2388,1wur.wam,g3qbe.wam,2
2389,1wur.wam,baqrg.wam,2
2390,1wur.wam,aqzro.wam,2
2391,1wur.wam,bgor.wam,2
2392,1wur.wam,ky5b4.wam,2
2393,1wur.wam,ubwr.wam,2
2394,1wur.wam,nu1rq.wam,2
2395,1wur.wam,4mobg.wam,2
2396,1wur.wam,ru4r4.wam,2
2397,x4qaw.wam,pj12m.wam,2
2398,x4qaw.wam,gfm.i.wam,2
2399,x4qaw.wam,4t2n2.wam,2
2400,x4qaw.wam,nytre.wam,2
2401,x4qaw.wam,onequ.wam,2
2402,ry4qy.wam,1libg.wam,2
2403,ry4qy.wam,ra5ay.wam,2
2404,awjqq.wam,pexb2.wam,2
2405,awjqq.wam,i4jbe.wam,2
2406,pmmqy.wam,ghwro.wam,2
2407,pmmqy.wam,.2obs.wam,2
2408,xdtbg.wam,gpkrs.wam,2
2409,ls3bm.wam,rilbg.wam,2
2410,.v.qy.wam,piur2.wam,2
2411,ls3bm.wam,hoybg.wam,2
2412,izlbg.wam,vm3rc.wam,2
2413,izlbg.wam,1awb4.wam,2
2414,izlbg.wam,l2ybg.wam,2
2415,izlbg.wam,5xvba.wam,2
2416,izlbg.wam,ljgre.wam,2
2417,izlbg.wam,kkiqw.wam,2
2418,izlbg.wam,4y3be.wam,2
2419,izlbg.wam,nd5aw.wam,2
2420,izlbg.wam,nuibe.wam,2
2421,izlbg.wam,ae4ba.wam,2
2422,izlbg.wam,2hure.wam,2
2423,izlbg.wam,uqzqy.wam,2
2424,ls3bm.wam,a2kbe.wam,2
2425,ls3bm.wam,fiebe.wam,2
2426,ls3bm.wam,4.ebg.wam,2
2427,ls3bm.wam,wj5be.wam,2
2428,ls3bm.wam,n13rs.wam,2
2429,ls3bm.wam,m21bg.wam,2
2430,ls3bm.wam,ov4bo.wam,2
2431,ls3bm.wam,r4hbs.wam,2
2432,ls3bm.wam,wasqi.wam,2
2433,ls3bm.wam,ilcba.wam,2
2434,ls3bm.wam,jv2bo.wam,2
2435,ls3bm.wam,2ior.wam,2
2436,ls3bm.wam,zmqbe.wam,2
2437,pmmqy.wam,cazqy.wam,2
2438,pmmqy.wam,mghr4.wam,2
2439,531be.wam,g21bq.wam,2
2440,wyiqy.wam,5t1bs.wam,2
2441,xvjb.wam,2jeay.wam,2
2442,xvjb.wam,nt2be.wam,2
2443,xvjb.wam,o1ib4.wam,2
2444,xvjb.wam,mv1rq.wam,2
2445,xvjb.wam,wlmrc.wam,2
2446,xvjb.wam,5wmrq.wam,2
2447,dvhbk.wam,br3bo.wam,2
2448,dvhbk.wam,gcobs.wam,2
2449,dvhbk.wam,dd5bq.wam,2
2450,dvhbk.wam,ytrqy.wam,2
2451,dvhbk.wam,urzau.wam,2
2452,dvhbk.wam,1jjrc.wam,2
2453,dvhbk.wam,horb4.wam,2
2454,dvhbk.wam,w3tre.wam,2
2455,dvhbk.wam,dnkqw.wam,2
2456,dvhbk.wam,lsmbi.wam,2
2457,dvhbk.wam,luqb2.wam,2
2458,dvhbk.wam,fbh.2.wam,2
2459,dvhbk.wam,binba.wam,2
2460,oenbi.wam,hjlqw.wam,2
2461,oenbi.wam,dcqnc.wam,2
2462,oenbi.wam,dvhbk.wam,2
2463,misr4.wam,2z5ri.wam,2
2464,misr4.wam,oenbi.wam,2
2465,apsr2.wam,misr4.wam,2
2466,xvjb.wam,pivro.wam,2
2467,xvjb.wam,sihba.wam,2
2468,wyiqy.wam,in2aw.wam,2
2469,wyiqy.wam,r5urq.wam,2
2470,wyiqy.wam,..srs.wam,2
2471,wyiqy.wam,s1obe.wam,2
2472,wyiqy.wam,oqibg.wam,2
2473,wyiqy.wam,54ibi.wam,2
2474,wyiqy.wam,e2xbg.wam,2
2475,wyiqy.wam,fpfrg.wam,2
2476,wyiqy.wam,5smrc.wam,2
2477,wyiqy.wam,kfpr2.wam,2
2478,wyiqy.wam,yjd4e.wam,2
2479,wyiqy.wam,.1prs.wam,2
2480,wyiqy.wam,bgkba.wam,2
2481,wyiqy.wam,edobq.wam,2
2482,wyiqy.wam,aitb4.wam,2
2483,wyiqy.wam,mogrg.wam,2
2484,wyiqy.wam,4rzb4.wam,2
2485,wyiqy.wam,s2zb2.wam,2
2486,wyiqy.wam,13tb.wam,2
2487,wyiqy.wam,kd4qw.wam,2
2488,wyiqy.wam,j.2rc.wam,2
2489,wyiqy.wam,zdtqu.wam,2
2490,wyiqy.wam,puzr.wam,2
2491,wyiqy.wam,k1ob2.wam,2
2492,wyiqy.wam,ucrba.wam,2
2493,wyiqy.wam,sezre.wam,2
2494,izlbg.wam,jacb.wam,2
2495,izlbg.wam,fkpbs.wam,2
2496,izlbg.wam,2clbg.wam,2
2497,jp2b4.wam,.derq.wam,2
2498,1o5qw.wam,mgab2.wam,2
2499,1o5qw.wam,acgb2.wam,2
2500,1o5qw.wam,fklrs.wam,2
2501,i.lr2.wam,13jaw.wam,2
2502,i.lr2.wam,bt1ra.wam,2
2503,jgjbk.wam,mg3bg.wam,2
2504,jgjbk.wam,j.tbq.wam,2
2505,jgjbk.wam,.ygbe.wam,2
2506,5qxre.wam,3fsr.wam,2
2507,5qxre.wam,qzjre.wam,2
2508,5qxre.wam,fosra.wam,2
2509,5qxre.wam,ybob.wam,2
2510,lynqk.wam,i15ay.wam,2
2511,lynqk.wam,fcgr2.wam,2
2512,k1ara.wam,blvrk.wam,2
2513,k1ara.wam,dp3qy.wam,2
2514,fzfqu.wam,32zqy.wam,2
2515,fzfqu.wam,kyubo.wam,2
2516,fzfqu.wam,rofra.wam,2
2517,fzfqu.wam,crfrg.wam,2
2518,fzfqu.wam,5derq.wam,2
2519,fzfqu.wam,.tsrs.wam,2
2520,fzfqu.wam,wz4be.wam,2
2521,jp2b4.wam,3gjba.wam,2
2522,jp2b4.wam,4fkbe.wam,2
2523,1o5qw.wam,vx1bk.wam,2
2524,1o5qw.wam,w5tbg.wam,2
2525,1o5qw.wam,.oub.wam,2
2526,oh5b.wam,gjnr4.wam,2
2527,.v.qy.wam,u2baq.wam,2
2528,.v.qy.wam,ytkmg.wam,2
2529,.v.qy.wam,dsfbg.wam,2
2530,.v.qy.wam,y4xba.wam,2
2531,oh5b.wam,tkgrs.wam,2
2532,oh5b.wam,b1mbo.wam,2
2533,oh5b.wam,nt2ri.wam,2
2534,oh5b.wam,s3kr4.wam,2
2535,oh5b.wam,4k5qw.wam,2
2536,oh5b.wam,mmqbq.wam,2
2537,oh5b.wam,if.bo.wam,2
2538,oh5b.wam,qxdr2.wam,2
2539,oh5b.wam,wax4cryptoad,2
2540,oh5b.wam,m1wbs.wam,2
2541,oh5b.wam,3oqbq.wam,2
2542,oh5b.wam,pclrs.wam,2
2543,oh5b.wam,kkqbq.wam,2
2544,oh5b.wam,p11bq.wam,2
2545,oh5b.wam,kwkb4.wam,2
2546,oh5b.wam,w4oqy.wam,2
2547,oh5b.wam,sjprg.wam,2
2548,oh5b.wam,ho4aw.wam,2
2549,oh5b.wam,yphrs.wam,2
2550,oh5b.wam,wkabg.wam,2
2551,jp2b4.wam,vcibs.wam,2
2552,jp2b4.wam,rmkro.wam,2
2553,izlbg.wam,.ecqy.wam,2
2554,jp2b4.wam,t1sbg.wam,2
2555,izlbg.wam,yuubo.wam,2
2556,izlbg.wam,pulb.wam,2
2557,izlbg.wam,tvcqu.wam,2
2558,izlbg.wam,g5kba.wam,2
2559,izlbg.wam,a3nro.wam,2
2560,izlbg.wam,wsgro.wam,2
2561,izlbg.wam,w1obs.wam,2
2562,izlbg.wam,5rbr.wam,2
2563,izlbg.wam,.5ore.wam,2
2564,izlbg.wam,ceob4.wam,2
2565,izlbg.wam,x4bb4.wam,2
2566,izlbg.wam,hbebk.wam,2
2567,izlbg.wam,4zp.s.wam,2
2568,izlbg.wam,tuhr.wam,2
2569,izlbg.wam,wh.b4.wam,2
2570,izlbg.wam,kiab.wam,2
2571,izlbg.wam,fkub.wam,2
2572,izlbg.wam,kwtb.wam,2
2573,izlbg.wam,4xnbe.wam,2
2574,izlbg.wam,izrb.wam,2
2575,izlbg.wam,r3grc.wam,2
2576,izlbg.wam,21tr4.wam,2
2577,izlbg.wam,m55bq.wam,2
2578,izlbg.wam,rheb2.wam,2
2579,izlbg.wam,z1frq.wam,2
2580,izlbg.wam,h4brm.wam,2
2581,izlbg.wam,kw1rg.wam,2
2582,izlbg.wam,54lbs.wam,2
2583,a2brg.wam,tllre.wam,2
2584,jp2b4.wam,zf3r.wam,2
2585,jp2b4.wam,kpdrs.wam,2
2586,jp2b4.wam,nnvbi.wam,2
2587,jp2b4.wam,f2iba.wam,2
2588,jp2b4.wam,gv1rq.wam,2
2589,jp2b4.wam,bkjrg.wam,2
2590,jp2b4.wam,4jer.wam,2
2591,jp2b4.wam,rq1bg.wam,2
2592,jp2b4.wam,nixba.wam,2
2593,jp2b4.wam,fn4b4.wam,2
2594,a2brg.wam,.jkbe.wam,2
2595,a2brg.wam,elcbg.wam,2
2596,izlbg.wam,35zbg.wam,2
2597,a2brg.wam,4xtbi.wam,2
2598,a2brg.wam,wwtra.wam,2
2599,izlbg.wam,qfrbe.wam,2
2600,izlbg.wam,udybe.wam,2
2601,izlbg.wam,vhtro.wam,2
2602,izlbg.wam,an3r4.wam,2
2603,izlbg.wam,uv5b4.wam,2
2604,izlbg.wam,gisay.wam,2
2605,izlbg.wam,lqirm.wam,2
2606,izlbg.wam,tcfb4.wam,2
2607,izlbg.wam,nplbs.wam,2
2608,35qqy.wam,tspqm.wam,2
2609,35qqy.wam,h4ork.wam,2
2610,aydaw.wam,5lzqu.wam,2
2611,mpnay.wam,b5iqy.wam,2
2612,mpnay.wam,dimbi.wam,2
2613,mpnay.wam,u2oag.wam,2
2614,mpnay.wam,u4xbq.wam,2
2615,mpnay.wam,wykbg.wam,2
2616,mpnay.wam,bogrq.wam,2
2617,mpnay.wam,degay.wam,2
2618,mpnay.wam,oeray.wam,2
2619,mpnay.wam,oh.qq.wam,2
2620,mpnay.wam,bpoki.wam,2
2621,mpnay.wam,u14rq.wam,2
2622,mpnay.wam,2bxrq.wam,2
2623,mpnay.wam,utaay.wam,2
2624,mpnay.wam,dqlb2.wam,2
2625,uqwb4.wam,1nvbi.wam,2
2626,uqwb4.wam,ajnre.wam,2
2627,uqwb4.wam,24qra.wam,2
2628,bzzre.wam,yg2b2.wam,2
2629,kqeoa.wam,l33r2.wam,2
2630,l.5b2.wam,sdlr4.wam,2
2631,l.5b2.wam,joqaw.wam,2
2632,krgbo.wam,wfpr.wam,2
2633,vshrg.wam,kmfbk.wam,2
2634,vshrg.wam,e3lb2.wam,2
2635,vshrg.wam,ycjbg.wam,2
2636,5cibs.wam,3jjr.wam,2
2637,mpnay.wam,w.tb2.wam,2
2638,mpnay.wam,1u3re.wam,2
2639,az1ay.wam,leyrm.wam,2
2640,mpnay.wam,yttrg.wam,2
2641,az1ay.wam,esfro.wam,2
2642,az1ay.wam,js4r4.wam,2
2643,az1ay.wam,n4wrc.wam,2
2644,az1ay.wam,d2ur4.wam,2
2645,az1ay.wam,pndqu.wam,2
2646,az1ay.wam,bi1rk.wam,2
2647,az1ay.wam,c1hrk.wam,2
2648,az1ay.wam,ejsra.wam,2
2649,az1ay.wam,.f2b4.wam,2
2650,az1ay.wam,jmaqw.wam,2
2651,4mrbo.wam,fcjqw.wam,2
2652,xvb1e.wam,1vdqu.wam,2
2653,3k3am.waa,ulpnm.wam,2
2654,3k3am.waa,o2qbe.wam,2
2655,3k3am.waa,sahqy.wam,2
2656,hsac.wam,4vbrs.wam,2
2657,hsac.wam,sb3be.wam,2
2658,dvbbe.wam,tmmr4.wam,2
2659,v.25g.wam,pjfr.wam,2
2660,dagr.wam,y34r2.wam,2
2661,dagr.wam,qv.bq.wam,2
2662,cccba.wam,wk1be.wam,2
2663,cccba.wam,545qg.wam,2
2664,cccba.wam,khab.wam,2
2665,cbk5a.wam,xfqb.wam,2
2666,5cibs.wam,dh4qw.wam,2
2667,wbiau.wam,wtqro.wam,2
2668,wbiau.wam,znequ.wam,2
2669,e43am.waa,bksb.wam,2
2670,o135.wam,gnub.wam,2
2671,o135.wam,trdr.wam,2
2672,o135.wam,jbvr.wam,2
2673,o135.wam,budr.wam,2
2674,o135.wam,s3or4.wam,2
2675,o135.wam,ad3ba.wam,2
2676,o135.wam,jdymq.wam,2
2677,o135.wam,c1sqw.wam,2
2678,o135.wam,yonay.wam,2
2679,mvdau.wam,dwvra.wam,2
2680,1vobc.wam,u5xrm.wam,2
2681,1vobc.wam,agkb2.wam,2
2682,1vobc.wam,slrbi.wam,2
2683,1vobc.wam,ptwqw.wam,2
2684,1vobc.wam,visro.wam,2
2685,1vobc.wam,df5re.wam,2
2686,1vobc.wam,upsbe.wam,2
2687,1vobc.wam,agnrg.wam,2
2688,1vobc.wam,xvyqw.wam,2
2689,1vobc.wam,l.ir.wam,2
2690,1vobc.wam,sy3aw.wam,2
2691,qyyb4.wam,reorc.wam,2
2692,s4wrg.wam,zc.bc.wam,2
2693,s4wrg.wam,hp2rq.wam,2
2694,cykrg.wam,v5moa.wam,2
2695,o135.wam,yftb2.wam,2
2696,o135.wam,cykbm.wam,2
2697,xbequ.wam,biabk.wam,2
2698,w3aqy.wam,nkmrg.wam,2
2699,e43am.waa,jskqy.wam,2
2700,fgxrq.wam,hklrg.wam,2
2701,tnsr2.wam,lrib2.wam,2
2702,tnsr2.wam,krfr.wam,2
2703,t3maw.wam,yu1r.wam,2
2704,iepr2.wam,h3db2.wam,2
2705,uhwrg.wam,xqnrs.wam,2
2706,14vb2.wam,x.fr.wam,2
2707,14vb2.wam,14jb.wam,2
2708,54e2u.wam,h2xqi.wam,2
2709,hsuro.wam,lewbk.wam,2
2710,iyzrg.wam,tvar.wam,2
2711,hieb.wam,.lgrq.wam,2
2712,iyzrg.wam,42rqy.wam,2
2713,4r1bm.wam,w.ari.wam,2
2714,cifrk.wam,xppro.wam,2
2715,4wqr.wam,xzbaw.wam,2
2716,rnsa.wam,pdhbs.wam,2
2717,rnsa.wam,tx2bg.wam,2
2718,todaybutnota,nhxba.wam,2
2719,todaybutnota,id3r.wam,2
2720,hieb.wam,iqbbg.wam,2
2721,hieb.wam,c..qw.wam,2
2722,hieb.wam,ejibe.wam,2
2723,az1ay.wam,isnr2.wam,2
2724,az1ay.wam,rvkmq.wam,2
2725,35qqy.wam,bo5r.wam,2
2726,33jau.wam,b1dbm.wam,2
2727,bcvr2.wam,1f1r4.wam,2
2728,bcvr2.wam,swzrq.wam,2
2729,uwlbg.wam,jjlb.wam,2
2730,.jdau.wam,k15rs.wam,2
2731,.jdau.wam,acubs.wam,2
2732,ipw3y.wam,fnsbe.wam,2
2733,ipw3y.wam,1.ubs.wam,2
2734,ipw3y.wam,mvraw.wam,2
2735,nneau.wam,bpmbs.wam,2
2736,nneau.wam,5oqbg.wam,2
2737,nneau.wam,sqcb.wam,2
2738,nneau.wam,ffoau.wam,2
2739,nneau.wam,n.wbm.wam,2
2740,nneau.wam,dtyrg.wam,2
2741,nneau.wam,12er4.wam,2
2742,nneau.wam,xxwre.wam,2
2743,nneau.wam,fdfqy.wam,2
2744,nneau.wam,y.fb.wam,2
2745,nneau.wam,wv5r4.wam,2
2746,nneau.wam,qzwr.wam,2
2747,nneau.wam,tnwro.wam,2
2748,nneau.wam,ulwb2.wam,2
2749,dture.wam,vpvqy.wam,2
2750,dture.wam,xudr.wam,2
2751,xioqu.wam,qmobg.wam,2
2752,33jau.wam,gxzay.wam,2
2753,33jau.wam,corrs.wam,2
2754,az1ay.wam,cjyb2.wam,2
2755,e4ya2.wam,n43rg.wam,2
2756,py1li.wam,tjiqu.wam,2
2757,pwcqw.wam,tftb2.wam,2
2758,jfhbe.wam,asqqw.wam,2
2759,1zpo.wam,pv1ri.wam,2
2760,1zpo.wam,.z.ay.wam,2
2761,1zpo.wam,lk1r4.wam,2
2762,johan.za,2tmay.wam,2
2763,bfdau.wam,zgcqy.wam,2
2764,1.mbg.wam,nk.qw.wam,2
2765,1.mbg.wam,ibfqu.wam,2
2766,hmvbc.wam,xvob2.wam,2
2767,i2eqy.wam,4sar.wam,2
2768,2jraw.wam,gzpqu.wam,2
2769,b.fpq.wam,xeeb.wam,2
2770,5w1b2.wam,d4jrk.wam,2
2771,fnkrg.wam,rgab4.wam,2
2772,dzzqu.wam,yuor4.wam,2
2773,dzzqu.wam,ziori.wam,2
2774,uc2r4.wam,wncqu.wam,2
2775,cekb4.wam,decqy.wam,2
2776,e4bb.wam,zljbe.wam,2
2777,e4bb.wam,ffmre.wam,2
2778,e4bb.wam,ipobe.wam,2
2779,lkrrg.wam,yuoqy.wam,2
2780,ierqy.wam,esrrg.wam,2
2781,xioqu.wam,py3rq.wam,2
2782,xioqu.wam,jyqbq.wam,2
2783,xioqu.wam,nejb.wam,2
2784,xioqu.wam,2lobe.wam,2
2785,cqcau.wam,dsgba.wam,2
2786,2hnre.wam,heaba.wam,2
2787,2hnre.wam,.zhbi.wam,2
2788,twmbc.wam,advr2.wam,2
2789,kxrqy.wam,xisra.wam,2
2790,kxrqy.wam,h5rb4.wam,2
2791,kxrqy.wam,3f312.wam,2
2792,hrxb.wam,2hiqy.wam,2
2793,vpir2.wam,gkkbs.wam,2
2794,vpir2.wam,w5j34.wam,2
2795,fjqau.wam,ciir.wam,2
2796,m34ro.wam,bbjau.wam,2
2797,gymqy.wam,matthew.za,2
2798,gymqy.wam,13sbg.wam,2
2799,x.cqw.wam,tders.wam,2
2800,x.cqw.wam,bhar4.wam,2
2801,x.cqw.wam,4nfau.wam,2
2802,x.cqw.wam,ugnrc.wam,2
2803,e1tbe.wam,h3ab2.wam,2
2804,3nvb2.wam,q4k5u.wam,2
2805,3nvb2.wam,h34be.wam,2
2806,3nvb2.wam,rlbrs.wam,2
2807,3nvb2.wam,ybcqu.wam,2
2808,az1ay.wam,hqub4.wam,2
2809,az1ay.wam,52nbk.wam,2
2810,cqcau.wam,fu5b4.wam,2
2811,cqcau.wam,khobe.wam,2
2812,cqcau.wam,mfcr4.wam,2
2813,ap5qu.wam,dtdbo.wam,2
2814,chqre.wam,rvybe.wam,2
2815,chqre.wam,rp.ba.wam,2
2816,it.rg.wam,frcqu.wam,2
2817,hqtbo.wam,g2wr4.wam,2
2818,hqtbo.wam,siabi.wam,2
2819,hqtbo.wam,iveaw.wam,2
2820,hqtbo.wam,vejr.wam,2
2821,hqtbo.wam,xzfb2.wam,2
2822,pc.be.wam,tvwrg.wam,2
2823,ap5qu.wam,yrpqy.wam,2
2824,ap5qu.wam,qgzqw.wam,2
2825,ap5qu.wam,a1jqw.wam,2
2826,cqcau.wam,lzjb4.wam,2
2827,ap5qu.wam,tmprg.wam,2
2828,ap5qu.wam,owmbo.wam,2
2829,diqam.waa,t33.4.wam,2
2830,wax111222555,eber.wam,2
2831,cqcau.wam,4kjay.wam,2
2832,cqcau.wam,u55aw.wam,2
2833,cqcau.wam,o5wqw.wam,2
2834,cqcau.wam,hk.bg.wam,2
2835,cqcau.wam,1sdbg.wam,2
2836,cqcau.wam,hrjr.wam,2
2837,cqcau.wam,u2bra.wam,2
2838,dagay.wam,a53b4.wam,2
2839,dagay.wam,vbbbe.wam,2
2840,dagay.wam,ajarg.wam,2
2841,5xwbe.wam,ub4r4.wam,2
2842,r3yra.wam,zzir4.wam,2
2843,5zcqw.wam,e.zb.wam,2
2844,5zcqw.wam,eleblob.gm,2
2845,5zcqw.wam,c.cb.wam,2
2846,5zcqw.wam,qlu5w.wam,2
2847,hrequ.wam,zgyra.wam,2
2848,hrequ.wam,qqp2k.wam,2
2849,hhyb4.wam,3tabs.wam,2
2850,tz5qs.wam,fj.qw.wam,2
2851,hpub2.wam,neorg.wam,2
2852,hpub2.wam,nfxr.wam,2
2853,hpub2.wam,ccqrk.wam,2
2854,hpub2.wam,xjsau.wam,2
2855,hpub2.wam,5phb2.wam,2
2856,vz5be.wam,z5vaw.wam,2
2857,vz5be.wam,ippre.wam,2
2858,vz5be.wam,nzbb4.wam,2
2859,vz5be.wam,sedr.wam,2
2860,vz5be.wam,y3zra.wam,2
2861,vz5be.wam,izdau.wam,2
2862,vz5be.wam,yl5ay.wam,2
2863,vz5be.wam,it.q.wam,2
2864,vz5be.wam,ndzqy.wam,2
2865,vz5be.wam,c3jbg.wam,2
2866,vz5be.wam,uknr2.wam,2
2867,r3yra.wam,ngirs.wam,2
2868,5xwbe.wam,14yr4.wam,2
2869,ihep4.wam,1ogrg.wam,2
2870,5t4r.wam,pljrg.wam,2
2871,ixybw.wam,lytay.wam,2
2872,jgpbq.wam,3cu4g.wam,2
2873,jgpbq.wam,gmaay.wam,2
2874,mclbs.wam,552ba.wam,2
2875,mclbs.wam,kdoqy.wam,2
2876,mclbs.wam,f23ay.wam,2
2877,mclbs.wam,rljaw.wam,2
2878,.kjqy.wam,1kybe.wam,2
2879,intqi.wam,n24r.wam,2
2880,intqi.wam,aqbr.wam,2
2881,intqi.wam,nvfb.wam,2
2882,intqi.wam,rzgrq.wam,2
2883,intqi.wam,moonsquirrel,2
2884,intqi.wam,qzx2e.wam,2
2885,intqi.wam,rhsbe.wam,2
2886,intqi.wam,uw5lq.wam,2
2887,wpqqy.wam,eb5bq.wam,2
2888,u3dr2.wam,h.xqw.wam,2
2889,g1sbo.wam,2alre.wam,2
2890,15hbo.wam,wpuqq.wam,2
2891,15hbo.wam,2irro.wam,2
2892,absqy.wam,tkhqy.wam,2
2893,3toqy.wam,ntqrg.wam,2
2894,3toqy.wam,i1ab.wam,2
2895,vv4be.wam,e3nr.wam,2
2896,vz5be.wam,w5qbe.wam,2
2897,vz5be.wam,um4ba.wam,2
2898,ujbb.wam,ogcbu.wam,2
2899,ujbb.wam,fv4r2.wam,2
2900,.rtre.wam,sours.wam,2
2901,e23b2.wam,lmmra.wam,2
2902,e23b2.wam,ly3b4.wam,2
2903,e23b2.wam,o.5b2.wam,2
2904,e5lbi.wam,nwkb.wam,2
2905,e5lbi.wam,svpr.wam,2
2906,e5lbi.wam,aiobg.wam,2
2907,e5lbi.wam,rxube.wam,2
2908,e5lbi.wam,p4lqm.wam,2
2909,e5lbi.wam,glvbe.wam,2
2910,e5lbi.wam,gi2be.wam,2
2911,e5lbi.wam,gppbe.wam,2
2912,m1iri.wam,l.cb4.wam,2
2913,jhx.u.wam,qqyay.wam,2
2914,k2xrq.wam,fbdqu.wam,2
2915,k2xrq.wam,fmyba.wam,2
2916,k2xrq.wam,agqrk.wam,2
2917,k2xrq.wam,32abe.wam,2
2918,njdau.wam,c.tqy.wam,2
2919,njdau.wam,eixqy.wam,2
2920,.pibo.wam,li2bm.wam,2
2921,.pibo.wam,m5may.wam,2
2922,35qqy.wam,154bg.wam,2
2923,35qqy.wam,mvhrm.wam,2
2924,35qqy.wam,jdbbg.wam,2
2925,.rtre.wam,dnhqi.wam,2
2926,.rtre.wam,l2are.wam,2
2927,tnequ.wam,xvrri.wam,2
2928,qdore.wam,p2rbg.wam,2
2929,ujbb.wam,xhsb2.wam,2
2930,ujbb.wam,gafbe.wam,2
2931,ujbb.wam,htv44.wam,2
2932,ujbb.wam,1cbb.wam,2
2933,ujbb.wam,4rfqu.wam,2
2934,ujbb.wam,vufr.wam,2
2935,ujbb.wam,vxnri.wam,2
2936,ujbb.wam,hv1bi.wam,2
2937,ujbb.wam,r2obc.wam,2
2938,ujbb.wam,l4iqw.wam,2
2939,qdore.wam,4xgra.wam,2
2940,pp1b.wam,w1lbs.wam,2
2941,tnequ.wam,sbaaw.wam,2
2942,pp1b.wam,.dkbi.wam,2
2943,pp1b.wam,l.dqy.wam,2
2944,rnbb.wam,aygb.wam,2
2945,rnbb.wam,ol3rs.wam,2
2946,d.vrg.wam,3bday.wam,2
2947,5tsbe.wam,fjkqu.wam,2
2948,tnequ.wam,j3cbq.wam,2
2949,tnequ.wam,3jcb.wam,2
2950,tnequ.wam,2boaw.wam,2
2951,tnequ.wam,hbqb4.wam,2
2952,tnequ.wam,1hrbe.wam,2
2953,ixybw.wam,y.grs.wam,2
2954,ixybw.wam,5wjnu.wam,2
2955,ixybw.wam,ohgri.wam,2
2956,o3.qy.wam,hpari.wam,2
2957,pcibs.wam,u5rqy.wam,2
2958,pcibs.wam,i.ac2.wam,2
2959,i2xqy.wam,gvqb4.wam,2
2960,i2xqy.wam,ln.ro.wam,2
2961,i2xqy.wam,5jyra.wam,2
2962,i2xqy.wam,whaqy.wam,2
2963,spwr2.wam,aur5w.wam,2
2964,nssrs.wam,l1oba.wam,2
2965,f1tra.wam,gznaw.wam,2
2966,f1tra.wam,3cqaw.wam,2
2967,f1tra.wam,im2qy.wam,2
2968,hhobi.wam,w5lre.wam,2
2969,hhobi.wam,dxcqq.wam,2
2970,om1qy.wam,mktb.wam,2
2971,om1qy.wam,ggbaw.wam,2
2972,uhmro.wam,mwqrs.wam,2
2973,uhmro.wam,ubzbg.wam,2
2974,uhmro.wam,waaaw.wam,2
2975,fevly.wam,chzrg.wam,2
2976,ui4bq.wam,rvibg.wam,2
2977,ui4bq.wam,5dsre.wam,2
2978,3jpqw.wam,2xuau.wam,2
2979,3jpqw.wam,dominicsmith,2
2980,mpmre.wam,5t4ri.wam,2
2981,mpmre.wam,b.3rg.wam,2
2982,pcibs.wam,d54r2.wam,2
2983,r4mrg.wam,on3bg.wam,2
2984,jbmbe.wam,2vdau.wam,2
2985,uzuqu.wam,ap1ra.wam,2
2986,ihep4.wam,c1dbs.wam,2
2987,ihep4.wam,volb.wam,2
2988,bdaaw.wam,22br.wam,2
2989,aptbq.wam,j41rg.wam,2
2990,aptbq.wam,fndri.wam,2
2991,rfiau.wam,bxlrq.wam,2
2992,gpfqw.wam,u35b4.wam,2
2993,o5ibo.wam,tmcqy.wam,2
2994,o5ibo.wam,xyxbe.wam,2
2995,uzuqu.wam,33ebi.wam,2
2996,uzuqu.wam,knfqu.wam,2
2997,uzuqu.wam,1dpp4.wam,2
2998,gxkbq.wam,thpbg.wam,2
2999,sjiau.waa,xqgb4.wam,2
3000,sjiau.waa,nveo4.wam,2
3001,sjiau.waa,ojrrm.wam,2
3002,sjiau.waa,1zqr.wam,2
3003,sjiau.waa,3f4bg.wam,2
3004,sjiau.waa,fv.ro.wam,2
3005,sjiau.waa,o5xb2.wam,2
3006,sjiau.waa,.sbr4.wam,2
3007,sjiau.waa,ukkay.wam,2
3008,sjiau.waa,pwdqy.wam,2
3009,gxkbq.wam,tesb4.wam,2
3010,o3.qy.wam,vxnbs.wam,2
3011,o3.qy.wam,qnpbe.wam,2
3012,.v2ak.wam,mcqbk.wam,2
3013,o3.qy.wam,1uwb4.wam,2
3014,crfbe.wam,22hra.wam,2
3015,crfbe.wam,zlvri.wam,2
3016,crfbe.wam,char2.wam,2
3017,crfbe.wam,4gtba.wam,2
3018,2aerg.wam,423b2.wam,2
3019,.trre.wam,a.nbo.wam,2
3020,.trre.wam,aswri.wam,2
3021,.trre.wam,abfb.wam,2
3022,fuwb4.wam,t.vra.wam,2
3023,fuwb4.wam,p5rrm.wam,2
3024,fuwb4.wam,.qnrg.wam,2
3025,bbiqu.wam,4pfro.wam,2
3026,bbiqu.wam,dwdrm.wam,2
3027,bbiqu.wam,fkkaq.wam,2
3028,bbiqu.wam,3dcqy.wam,2
3029,bbiqu.wam,.nnr.wam,2
3030,wizardx,vf1rs.wam,2
3031,wizardx,pjjre.wam,2
3032,wizardx,e.hba.wam,2
3033,wizardx,hd.bs.wam,2
3034,wizardx,gtbbs.wam,2
3035,wizardx,g1vli.wam,2
3036,wizardx,nwaqy.wam,2
3037,d1mau.wam,tcur2.wam,2
3038,mo.r4.wam,mujbe.wam,2
3039,crfbe.wam,fqirq.wam,2
3040,crfbe.wam,jzmqw.wam,2
3041,g2jaw.wam,us.ri.wam,2
3042,lh3b.wam,nx4b4.wam,2
3043,o3.qy.wam,u14ri.wam,2
3044,tylerglasnow,qr4qy.wam,2
3045,tylerglasnow,bxkr.wam,2
3046,tylerglasnow,dfyay.wam,2
3047,tziqw.wam,nehqw.wam,2
3048,tziqw.wam,igwri.wam,2
3049,lh3b.wam,rxeba.wam,2
3050,lh3b.wam,5j5ba.wam,2
3051,lh3b.wam,azyra.wam,2
3052,lh3b.wam,hicre.wam,2
3053,lh3b.wam,xpib2.wam,2
3054,lh3b.wam,5ilai.wam,2
3055,g2jaw.wam,ukvrs.wam,2
3056,lh3b.wam,yp1r4.wam,2
3057,5c1be.wam,gjno2.wam,2
3058,5c1be.wam,c3aro.wam,2
3059,5c1be.wam,yxyqy.wam,2
3060,5c1be.wam,hi1qy.wam,2
3061,nhrr2.wam,zmzro.wam,2
3062,nhrr2.wam,muzr.wam,2
3063,nhrr2.wam,ecrbg.wam,2
3064,nhrr2.wam,yz.qy.wam,2
3065,nhrr2.wam,hbtbi.wam,2
3066,nhrr2.wam,ov3r4.wam,2
3067,cotri.wam,r2.pk.wam,2
